CREATE TABLE categories (
  id BIGINT NOT NULL,
  created_at BIGINT NOT NULL,
  display_order BIGINT NOT NULL,
  updated_at BIGINT NOT NULL,
  version BIGINT NOT NULL,
  tag VARCHAR(32) NOT NULL,
  name VARCHAR(100) NOT NULL,
  description VARCHAR(1000) NOT NULL,
  PRIMARY KEY(id)
) Engine=INNODB DEFAULT CHARSET=UTF8MB4;

INSERT INTO categories (name, tag, description, display_order, id, created_at, updated_at, version) VALUES ('Sample', 'sample', 'Java Series', 0, 1279976691204512, 1557025248747, 1557025248747, 0);


CREATE TABLE articles (
  id BIGINT NOT NULL,
  category_id BIGINT NOT NULL,
  created_at BIGINT NOT NULL,
  image_id BIGINT NOT NULL,
  publish_at BIGINT NOT NULL,
  text_id BIGINT NOT NULL,
  updated_at BIGINT NOT NULL,
  user_id BIGINT NOT NULL,
  version BIGINT NOT NULL,
  views BIGINT NOT NULL,
  name VARCHAR(100) NOT NULL,
  tags VARCHAR(100) NOT NULL,
  description VARCHAR(1000) NOT NULL,
  INDEX IDX_CAT_PUB (category_id,publish_at),
  PRIMARY KEY(id)
) Engine=INNODB DEFAULT CHARSET=UTF8MB4;

CREATE TABLE texts (
  id BIGINT NOT NULL,
  created_at BIGINT NOT NULL,
  updated_at BIGINT NOT NULL,
  version BIGINT NOT NULL,
  hash VARCHAR(64) NOT NULL,
  content TEXT NOT NULL,
  CONSTRAINT UNI_HASH UNIQUE (hash),
  PRIMARY KEY(id)
) Engine=INNODB DEFAULT CHARSET=UTF8MB4;

INSERT INTO articles (user_id, category_id, image_id, text_id, views, tags, name, description, publish_at, id, created_at, updated_at, version) VALUES (1279976691204128, 1279976691204512, 1279976691204576, 1279976691205312, 0, 'abc,xyz,hello', 'consetetur. 0', 'equidem referrentur tibique animal dolor omittantur sumo vituperata tincidunt.', 1557025248734, 1279976691208032, 1557025248752, 1557025248752, 0);
INSERT INTO texts (hash, content, id, created_at, updated_at, version) VALUES ('7bf414a87ad92aaa77e6bf9da70445830e17fe5ff990732487872debe3faff4a', '# adipisci adhuc per.\n\nfaucibus mi sadipscing consectetur rhoncus ornatus instructior elaboraret ubique neque consetetur.\n\ncomprehensam iusto inani gubergren facilis ante adhuc signiferumque amet veniam impetus inani.\n\neripuit signiferumque verterem verterem suas.\n\nleo convallis intellegebat magnis molestie vituperatoribus sapien iudicabit curae netus possim.\n\nmei etiam offendit arcu sea mediocritatem corrumpit urbanitas eripuit honestatis in phasellus commodo partiendo debet ultricies principes repudiandae duis intellegat.\n\nidque inimicus posidonium vehicula convenire molestiae interesset no dicit offendit efficitur litora sagittis.\n\nneglegentur oporteat malesuada dolorem intellegat nobis vocibus metus vidisse accumsan singulis dolorum theophrastus.\n\ndocendi repudiare inciderint dapibus nulla phasellus detraxit blandit sadipscing dico quot conceptam luptatum fuisset eos fabellas iudicabit suspendisse.\n\nfalli ridiculus platea cubilia luctus dolores mentitum ridiculus tempus vel dui vivamus vitae.\n\ncondimentum senectus deseruisse causae viderer aperiri viderer ocurreret porta conceptam imperdiet.\n\n', 1279976691205344, 1557025248753, 1557025248753, 0);
INSERT INTO articles (user_id, category_id, image_id, text_id, views, tags, name, description, publish_at, id, created_at, updated_at, version) VALUES (1279976691204128, 1279976691204512, 1279976691204640, 1279976691205344, 0, 'abc,xyz,hello', 'docendi. 1', 'orci harum doming lorem sale gravida dolor.', 1557025248735, 1279976691208064, 1557025248753, 1557025248753, 0);
INSERT INTO texts (hash, content, id, created_at, updated_at, version) VALUES ('25d2389f7b6866fba03eaa45b773821a43c4f3c4796c33a99d0274e4353e0360', '# iuvaret.\n\nmolestie antiopam voluptaria has dicant theophrastus feugait quot suspendisse.\n\nmea sodales at quis orci scelerisque scelerisque turpis omittantur vis.\n\npostea nunc solet tacimates petentium singulis platonem dicunt libris mea recteque maiorum.\n\niisque antiopam minim evertitur accumsan sit vero feugait sadipscing esse.\n\neloquentiam porro.\n\nocurreret ligula efficitur conceptam vocent mollis scripserit legimus sed scripserit tota.\n\ndictum aeque labores sem atqui convenire.\n\nqualisque mei liber reformidans semper ex utinam arcu fames scripta inani delicata ne molestie honestatis.\n\ninceptos homero imperdiet epicurei solet viris curae volumus vehicula eget doctus dignissim.\n\ninstructior persius nostra efficitur quot eget mollis porro sociis maecenas alterum consectetuer vel consectetur veritus.\n\natqui nominavi definiebas rutrum epicurei facilis eam mediocrem accusata possit dolorum sententiae vidisse.\n\nmetus agam dicunt dolores cetero atomorum.\n\ngraece.\n\nelit efficiantur curabitur mutat definitiones eget has pellentesque deserunt molestie dis iaculis felis per augue invenire quaerendum.\n\nutamur nostrum inceptos dolore faucibus affert nibh omittam metus arcu.\n\n', 1279976691205376, 1557025248753, 1557025248753, 0);
INSERT INTO articles (user_id, category_id, image_id, text_id, views, tags, name, description, publish_at, id, created_at, updated_at, version) VALUES (1279976691204128, 1279976691204512, 1279976691204704, 1279976691205376, 0, 'abc,xyz,hello', 'eloquentiam. 2', 'praesent ridiculus fabellas rutrum ignota sollicitudin dolores non arcu civibus.', 1557025248736, 1279976691208096, 1557025248753, 1557025248753, 0);
INSERT INTO texts (hash, content, id, created_at, updated_at, version) VALUES ('d49f4713edc3bcd33b2acc3730f1c86e57e5d1082b329a976e0955b7fedc448e', '# discere semper offendit vestibulum feugait sem prompta nibh doming.\n\net disputationi consequat libris referrentur graecis aliquet ad graece.\n\nmetus sem option etiam explicari.\n\nrepudiandae delicata tempor erat.\n\nlobortis invidunt falli affert adolescens penatibus convallis posuere quot.\n\nintellegebat elaboraret.\n\nmagnis fringilla autem aenean consequat his mediocrem quis explicari et graeco torquent has sale et esse.\n\nmattis detracto aliquip error vix magnis veri pri quas ocurreret melius patrioque dicit nibh.\n\npericula vel disputationi facilisi eripuit eripuit indoctum inani.\n\nsuscipit graecis tibique mel disputationi sociis blandit class pharetra dictum magnis habitasse bibendum feugiat reformidans.\n\nmauris fuisset odio nascetur rutrum causae maiestatis referrentur taciti adversarium offendit sociis falli eu cetero expetenda minim mucius.\n\ngraecis eum putent tractatos fastidii cursus eius scelerisque rhoncus impetus primis autem.\n\npostea consul scripserit porro persius aenean purus putent platonem unum eius ea scripserit lorem iudicabit referrentur malesuada movet id.\n\nconubia eos ultrices singulis iuvaret.\n\neuripidis aliquam movet alia sea lacinia invenire odio finibus cum vivendo libero aliquip nascetur consectetuer habitant.\n\n', 1279976691205408, 1557025248753, 1557025248753, 0);
INSERT INTO articles (user_id, category_id, image_id, text_id, views, tags, name, description, publish_at, id, created_at, updated_at, version) VALUES (1279976691204128, 1279976691204512, 1279976691204768, 1279976691205408, 0, 'abc,xyz,hello', 'vivamus. 3', 'alterum suspendisse potenti docendi libero idque liber tantas pulvinar.', 1557025248737, 1279976691208128, 1557025248753, 1557025248753, 0);
INSERT INTO texts (hash, content, id, created_at, updated_at, version) VALUES ('1056ce1242014665c99c481c1ec8780ca3afcacfad0913c51cf40efa75a4337c', '# fabellas definiebas ut solum postea saepe eirmod ut electram gloriatur.\n\ndignissim egestas accusata cu velit omittantur postulant falli usu ut qui sapientem maximus quis arcu theophrastus conceptam cras porttitor mutat.\n\ncetero dolor inimicus facilis consectetuer malesuada donec sententiae partiendo senectus etiam magnis eirmod mus elitr at eam delectus tamquam.\n\nfusce et epicuri lobortis leo atomorum hac mattis imperdiet luptatum honestatis parturient porro vitae quo lacinia.\n\ntibique nibh cursus duis perpetua eos iudicabit curabitur mutat causae reprehendunt.\n\ndetracto instructior tale laoreet postea nec eirmod putent senserit proin.\n\nsimul voluptaria primis duo possit fugit justo consetetur ponderum natoque est.\n\nelementum postea alienum urna sociosqu fermentum vitae similique risus urbanitas detracto an periculis bibendum.\n\niudicabit cras constituam numquam sonet elementum ocurreret explicari.\n\naudire malesuada augue hac ornare appareat pro pertinacia scelerisque an vidisse donec pellentesque prompta graeci ne varius constituto quaestio.\n\nvehicula.\n\nadolescens nascetur quot esse dicta indoctum indoctum oporteat mauris sed convenire.\n\nreprehendunt docendi veniam sit dolore ponderum tota suscipit verterem duis contentiones accommodare morbi posidonium tacimates bibendum doctus sociosqu maecenas fugit.\n\ndiam sociis noluisse volutpat graeci litora no morbi eos vitae in utamur percipit vidisse delenit ea habitant persius.\n\nvulputate sententiae efficitur viverra orci idque quis vivamus mediocrem.\n\n', 1279976691205440, 1557025248753, 1557025248753, 0);
INSERT INTO articles (user_id, category_id, image_id, text_id, views, tags, name, description, publish_at, id, created_at, updated_at, version) VALUES (1279976691204128, 1279976691204512, 1279976691204832, 1279976691205440, 0, 'abc,xyz,hello', 'pulvinar. 4', 'fabulas eripuit mus sapientem curae adversarium.', 1557025248738, 1279976691208160, 1557025248754, 1557025248754, 0);
INSERT INTO texts (hash, content, id, created_at, updated_at, version) VALUES ('4c11b8fe40e07eff972e610f433d3c9743bdd9e09944b5b3cb010fd71b322c06', '# debet delectus nunc contentiones iisque dicant deserunt interesset convenire.\n\ntantas diam verterem oporteat prompta in ponderum pharetra eius idque.\n\nne iudicabit.\n\nnominavi vim detraxit cetero repudiare eleifend unum.\n\nhas dicat.\n\nputent phasellus efficitur error agam tempus dictumst offendit malorum oratio tempor.\n\nocurreret donec vero aenean delectus offendit dicant dolorum justo dico falli habitant at postea accumsan.\n\nmalesuada ornatus ius magna regione minim equidem pro tantas sit nec facilisi dicam causae periculis primis intellegebat.\n\ntempor mutat feugait gloriatur risus dictum wisi errem omittam sociosqu dolores felis blandit imperdiet inimicus convenire mazim ius congue.\n\npraesent mei est voluptatum ignota ullamcorper mandamus cum etiam mandamus doctus ornare lorem.\n\nmolestie eleifend et utroque atomorum.\n\nphasellus decore lectus suspendisse eloquentiam facilis litora ferri tation elitr meliore iriure.\n\nnostra meliore fabulas dicit fuisset luptatum dolores assueverit quidam.\n\nlaudem interpretaris ius mandamus quis cursus periculis intellegat.\n\nmassa sententiae aeque pro.\n\ntheophrastus vix torquent fames gubergren convenire mi duo suscipit sed alterum justo.\n\nfeugiat id cras minim veritus fabulas ponderum.\n\nsed ne ocurreret possim inimicus dicant elaboraret potenti melius.\n\n', 1279976691205472, 1557025248754, 1557025248754, 0);
INSERT INTO articles (user_id, category_id, image_id, text_id, views, tags, name, description, publish_at, id, created_at, updated_at, version) VALUES (1279976691204128, 1279976691204512, 1279976691204896, 1279976691205472, 0, 'abc,xyz,hello', 'sociosqu. 5', 'cras platonem dicta senserit ridiculus.', 1557025248739, 1279976691208192, 1557025248754, 1557025248754, 0);
INSERT INTO texts (hash, content, id, created_at, updated_at, version) VALUES ('b0143dfba35cd0c6f64c9211f1a33caa790e7162d8ada89f6f5ab23afb81e466', '# vituperata dolor vestibulum mediocrem efficiantur doming dis phasellus prompta.\n\nocurreret falli populo aliquam scripserit eruditi debet dolores ridiculus facilisi.\n\nhendrerit in montes numquam nobis cubilia saperet risus rhoncus mazim instructior usu.\n\nhonestatis usu harum.\n\nnihil natum placerat.\n\nefficiantur nunc.\n\nturpis habeo recteque sociis eloquentiam gubergren saepe suas feugait.\n\nsodales mandamus dicit sollicitudin doming constituto quis scripserit reque dicam.\n\nvitae dolore mandamus evertitur urna nam ludus autem platea honestatis instructior voluptatibus malesuada quaerendum mea utroque gloriatur blandit.\n\nimpetus.\n\ntaciti epicurei veritus himenaeos dicat feugiat sodales lacinia equidem tota persequeris tempor iudicabit legimus natoque solet quaeque quaestio.\n\nnoluisse noluisse ut has principes dicam eruditi.\n\nmucius sem necessitatibus turpis esse fermentum nihil id habitant fabulas quisque.\n\n', 1279976691205504, 1557025248754, 1557025248754, 0);
INSERT INTO articles (user_id, category_id, image_id, text_id, views, tags, name, description, publish_at, id, created_at, updated_at, version) VALUES (1279976691204128, 1279976691204512, 1279976691204960, 1279976691205504, 0, 'abc,xyz,hello', 'alienum. 6', 'saperet dui accumsan audire docendi blandit dicam intellegebat sonet graecis.', 1557025248740, 1279976691208224, 1557025248754, 1557025248754, 0);
INSERT INTO texts (hash, content, id, created_at, updated_at, version) VALUES ('d685ac37470055b575a1e320070a78e722106495f7282247923a8688eda59274', '# delenit dolores sadipscing tristique solum.\n\npertinacia aeque veri suscipiantur faucibus eu constituto ac sodales.\n\nturpis est ridens atqui putent luctus moderatius mentitum adipiscing hac utroque populo placerat.\n\nlatine commune propriae solum parturient at quem.\n\naliquip magna delenit noluisse sociosqu eius errem ac sed dis dicta mea neque wisi.\n\nnovum litora deserunt vidisse mei.\n\nadolescens urna latine.\n\nsapien fabulas nunc tempor petentium veritus has platea liber adolescens ne euismod inciderint docendi harum consectetur delicata sale.\n\ncubilia eripuit equidem habitant dictas nibh ornare perpetua sodales eleifend quaerendum senectus inceptos porttitor risus.\n\nquisque euripidis tempor antiopam ne metus impetus mel laudem.\n\naperiri consul lacus ultrices taciti sem molestiae.\n\nmassa persius habemus convallis dapibus praesent mel.\n\nornatus alienum taciti ad pretium sadipscing proin tale suavitate mei cubilia regione urna saperet fastidii mentitum.\n\nrepudiandae ridens nascetur tractatos percipit vivamus labores inani idque corrumpit.\n\n', 1279976691205536, 1557025248754, 1557025248754, 0);
INSERT INTO articles (user_id, category_id, image_id, text_id, views, tags, name, description, publish_at, id, created_at, updated_at, version) VALUES (1279976691204128, 1279976691204512, 1279976691205024, 1279976691205536, 0, 'abc,xyz,hello', 'euripidis. 7', 'mediocrem voluptatibus nullam justo.', 1557025248741, 1279976691208256, 1557025248754, 1557025248754, 0);
INSERT INTO texts (hash, content, id, created_at, updated_at, version) VALUES ('ac9792dd7396e6ba8ff79f47327452ae00beef9f423fa0cf307742ff1486b514', '# ut invidunt vis.\n\niriure magna aperiri debet praesent vocibus ex.\n\nhabitant definitiones tantas porta inani perpetua phasellus lorem ultricies maiorum lectus ridiculus commune elementum tibique suspendisse magnis nonumes.\n\ntincidunt habemus doctus ridiculus ornare partiendo dolorum electram discere nec posuere omnesque numquam usu idque.\n\nepicurei similique deserunt.\n\ncurae ei eu saperet platea.\n\nnibh legimus ancillae nonumy rutrum malesuada dolorum mel qualisque ultricies.\n\nimpetus luptatum.\n\nultrices etiam scripta an.\n\nsenectus dicta porttitor tortor primis rhoncus ancillae appetere vestibulum assueverit accumsan bibendum discere ponderum cu ut option volutpat aliquam usu.\n\nquaeque detracto non ea reprimique gravida tacimates.\n\nporro purus decore rutrum explicari quis.\n\ncommune assueverit an senserit elementum suspendisse.\n\nsigniferumque eget constituam intellegat consectetuer reformidans vix feugiat sapien.\n\nnunc auctor saepe dicit pulvinar conclusionemque phasellus evertitur splendide luptatum condimentum facilis.\n\ndelicata turpis dicit labores pretium indoctum nobis nostrum.\n\nvestibulum civibus solum eius consetetur assueverit principes atomorum.\n\ntempus nullam harum possim altera suscipit netus nostra sadipscing sociosqu cubilia cetero platonem tritani eget at electram.\n\nexpetenda referrentur ius himenaeos per venenatis neglegentur quidam aenean.\n\ncetero aenean voluptatibus novum accusata molestiae.\n\n', 1279976691205568, 1557025248754, 1557025248754, 0);
INSERT INTO articles (user_id, category_id, image_id, text_id, views, tags, name, description, publish_at, id, created_at, updated_at, version) VALUES (1279976691204128, 1279976691204512, 1279976691205088, 1279976691205568, 0, 'abc,xyz,hello', 'consul. 8', 'magnis aptent magna wisi evertitur efficitur conceptam docendi.', 1557025248742, 1279976691208288, 1557025248755, 1557025248755, 0);
INSERT INTO texts (hash, content, id, created_at, updated_at, version) VALUES ('7eb4e17cb1f6bb4164d961dd97ed285f1f7d4030829a1754a6ff7528e2ae80f0', '# tacimates affert sed suavitate graecis.\n\naliquam ornatus eos sagittis ferri unum vivamus ridiculus.\n\nphasellus interpretaris reque suspendisse velit cum consequat veri laoreet.\n\npersecuti fugit vocent prodesset qui electram sea malorum amet taciti iisque viris ligula voluptatum electram detracto habitant primis.\n\na ocurreret efficitur malorum delectus consul vituperatoribus adolescens senserit.\n\nadolescens at maiorum theophrastus delectus harum detracto liber veniam fringilla iaculis imperdiet molestie vis posuere porro.\n\ninteger posse theophrastus suspendisse dolore expetendis verear.\n\nsapien posidonium et pretium.\n\neos fabellas percipit.\n\nquod dignissim suscipiantur platonem nullam senectus mollis ad prodesset nibh discere sed agam.\n\nconubia purus vestibulum percipit autem antiopam utinam ornatus persequeris iaculis mattis justo duis dolore rutrum scelerisque varius movet.\n\nullamcorper nulla brute prodesset sit reprehendunt recteque tellus percipit saepe laudem suas praesent volutpat fastidii pericula patrioque.\n\neget corrumpit wisi aliquid dis massa interpretaris viris mandamus litora iudicabit dui luctus porta prodesset.\n\nnullam maecenas nobis malorum et atqui maecenas neque sociis conclusionemque contentiones ut agam tristique quas delectus comprehensam tibique senectus lacinia.\n\nconsetetur ridiculus viris primis tristique lectus.\n\nalienum movet natum lacinia fastidii errem volumus mus nibh affert idque aliquet harum adolescens.\n\nhinc quaestio dictum dolor civibus ridiculus molestie suscipiantur honestatis alterum omittam blandit interpretaris qui convallis imperdiet.\n\n', 1279976691205600, 1557025248755, 1557025248755, 0);
INSERT INTO articles (user_id, category_id, image_id, text_id, views, tags, name, description, publish_at, id, created_at, updated_at, version) VALUES (1279976691204128, 1279976691204512, 1279976691205152, 1279976691205600, 0, 'abc,xyz,hello', 'scripserit. 9', 'praesent maiorum quaerendum dapibus quaeque putent.', 1557025248743, 1279976691208320, 1557025248755, 1557025248755, 0);
INSERT INTO texts (hash, content, id, created_at, updated_at, version) VALUES ('a42fec4aa2d88bc01a25372ddbb8fb1699f7b2194b7368c53c000c030ce1c8ee', '# vocent appetere aliquet deserunt ridiculus tota noster constituto.\n\nvehicula feugait qui hinc eos nostrum reprimique inani mattis.\n\nvitae maiestatis suscipiantur prompta mediocritatem class leo magna id penatibus aliquip.\n\ntibique platea eleifend massa.\n\nimperdiet dicit ipsum tellus quaerendum nisl vix percipit causae explicari.\n\nnominavi dicat fermentum debet lacinia hendrerit elaboraret legere himenaeos veniam antiopam erroribus habitasse.\n\ndoctus referrentur tincidunt.\n\nsuavitate non wisi curabitur tractatos purus cetero viris invidunt.\n\nferri duis pri dicam massa dicta falli dicat nostra aliquet purus erat fabulas nostra.\n\nanimal montes sententiae maecenas mutat adversarium vix in nascetur propriae mediocrem rhoncus ea quo nam moderatius veri lobortis.\n\nadversarium a parturient solum primis fringilla iriure vivendo regione ac metus periculis facilisi hinc senectus taciti nunc no delenit ornare.\n\npertinacia.\n\neripuit lacinia viris nullam mi delicata tation fames conubia quaerendum utamur liber reque hendrerit faucibus detracto posidonium menandri feugait.\n\nelit porro dolorem auctor.\n\nconstituam veniam euripidis explicari sapientem senserit nullam nibh pharetra persecuti dissentiunt finibus legimus libero sodales senserit equidem odio.\n\nmus singulis veritus recteque gravida class gravida fusce prodesset mauris quam vitae.\n\nsadipscing causae vim volutpat molestiae facilisis sumo fermentum dolor vel porta corrumpit malesuada delicata.\n\nsuas adversarium mediocritatem taciti.\n\n', 1279976691205632, 1557025248755, 1557025248755, 0);
INSERT INTO articles (user_id, category_id, image_id, text_id, views, tags, name, description, publish_at, id, created_at, updated_at, version) VALUES (1279976691204128, 1279976691204512, 1279976691205216, 1279976691205632, 0, 'abc,xyz,hello', 'nec. 10', 'partiendo quis ultricies esse regione.', 1557025248744, 1279976691208352, 1557025248755, 1557025248755, 0);
INSERT INTO texts (hash, content, id, created_at, updated_at, version) VALUES ('e700a0ffd8dac5aa99197f1421380861beb7a013ee8d8f38932d153caa117d12', '# deterruisset noster aliquam reque maecenas.\n\nintellegebat nam scelerisque vocent quaerendum tation omittantur suscipit dui justo pellentesque expetendis vel reprimique aliquid quidam error necessitatibus ea.\n\nlatine maiorum mattis diam reprehendunt quot eum vestibulum quaerendum consectetur gloriatur dicant a veritus movet.\n\nconsul tacimates luctus invenire senectus.\n\nultrices aenean.\n\nhimenaeos agam suscipit sapien conubia molestie molestiae euripidis.\n\nsollicitudin gloriatur quod dignissim tation cursus conubia tractatos.\n\ndisputationi utamur verear ultrices principes a feugait altera mnesarchum accommodare nam molestiae antiopam ubique nisl maiorum sollicitudin pericula.\n\nquot vulputate appetere errem civibus eleifend harum mucius sumo montes definitiones ultricies habemus fuisset partiendo omittam augue instructior.\n\ndui regione nascetur ubique et esse nascetur usu.\n\nnam lectus saperet ad periculis.\n\nhonestatis offendit quisque intellegebat minim porttitor inimicus possim interpretaris sed aliquam nominavi liber sem atqui ornare gubergren.\n\nmagna consetetur elit epicuri sociis saepe putent.\n\npenatibus ubique cursus alia appareat sale aenean diam conclusionemque offendit dico.\n\nreque alia ullamcorper.\n\n', 1279976691205664, 1557025248755, 1557025248755, 0);
INSERT INTO articles (user_id, category_id, image_id, text_id, views, tags, name, description, publish_at, id, created_at, updated_at, version) VALUES (1279976691204128, 1279976691204512, 1279976691205280, 1279976691205664, 0, 'abc,xyz,hello', 'perpetua. 11', 'mediocrem epicurei vivendo odio utinam oporteat.', 1557025248745, 1279976691208384, 1557025248755, 1557025248755, 0);

CREATE TABLE users (
  id BIGINT NOT NULL,
  created_at BIGINT NOT NULL,
  locked_until BIGINT NOT NULL,
  updated_at BIGINT NOT NULL,
  VERSION BIGINT NOT NULL,
  role VARCHAR(50) NOT NULL,
  email VARCHAR(100) NOT NULL,
  NAME VARCHAR(100) NOT NULL,
  image_url VARCHAR(1000) NOT NULL,
  CONSTRAINT UNI_EMAIL UNIQUE (email),
  PRIMARY KEY(id)
) ENGINE=INNODB DEFAULT CHARSET=UTF8MB4;

CREATE TABLE local_auths (
  id BIGINT NOT NULL,
  created_at BIGINT NOT NULL,
  updated_at BIGINT NOT NULL,
  user_id BIGINT NOT NULL,
  version BIGINT NOT NULL,
  passwd VARCHAR(64) NOT NULL,
  salt VARCHAR(64) NOT NULL,
  CONSTRAINT UNI_UID UNIQUE (user_id),
  PRIMARY KEY(id)
) Engine=INNODB DEFAULT CHARSET=UTF8;

INSERT INTO users (role, email, name, image_url, locked_until, id, created_at, updated_at, version) VALUES ('ADMIN', 'admin@itranswarp.com', 'admin', '/static/img/admin.png', 0, 1279976691204128, 1557025248743, 1557025248743, 0);
INSERT INTO local_auths (user_id, passwd, salt, id, created_at, updated_at, version) VALUES (1279976691204128, 'afd80550a4479ea7d4432e85c5c19f95d5339bd30ebdcf6313d3a4754e051164', 'e43c4c3d60e8646783a908538fda9b5cd6beb89f0aa7660b171f39d428a2dfe5', 1279976691204160, 1557025248745, 1557025248745, 0);
INSERT INTO users (role, email, name, image_url, locked_until, id, created_at, updated_at, version) VALUES ('EDITOR', 'editor@itranswarp.com', 'editor', '/static/img/user.png', 0, 1279976691204192, 1557025248745, 1557025248745, 0);
INSERT INTO local_auths (user_id, passwd, salt, id, created_at, updated_at, version) VALUES (1279976691204192, 'bc20bc3521dab6114bec2ac80cc2812b2126246af4a0190e3c70c5518d0b92d0', 'dc0c1cfd21bf9d4a6319ba474f0e6471e8be1ce6384fe677ca45982ed87d695b', 1279976691204224, 1557025248745, 1557025248745, 0);
INSERT INTO users (role, email, name, image_url, locked_until, id, created_at, updated_at, version) VALUES ('CONTRIBUTOR', 'contributor@itranswarp.com', 'contributor', '/static/img/user.png', 0, 1279976691204256, 1557025248745, 1557025248745, 0);
INSERT INTO local_auths (user_id, passwd, salt, id, created_at, updated_at, version) VALUES (1279976691204256, 'c9cf6446702a2efea92203a5ca560bd3315cb3ad68224714cdfec885f75bee28', 'c23e5f70a61bfd8db92bfd80e1827e9c546247b73b74357cb5bcb59211a0337c', 1279976691204288, 1557025248746, 1557025248746, 0);
INSERT INTO users (role, email, name, image_url, locked_until, id, created_at, updated_at, version) VALUES ('SPONSOR', 'sponsor@itranswarp.com', 'sponsor', '/static/img/user.png', 0, 1279976691204320, 1557025248746, 1557025248746, 0);
INSERT INTO local_auths (user_id, passwd, salt, id, created_at, updated_at, version) VALUES (1279976691204320, '01bb07a13cf3b5353c1e476aa3cde29f827c4651651f653fa4626ad3d4cc4889', '0baebf6a1bdcbf32d8d0adb0dcbd34fcb55493628a28696e546a2357090797fd', 1279976691204352, 1557025248746, 1557025248746, 0);
INSERT INTO users (role, email, name, image_url, locked_until, id, created_at, updated_at, version) VALUES ('SUBSCRIBER', 'subscriber@itranswarp.com', 'subscriber', '/static/img/user.png', 0, 1279976691204384, 1557025248746, 1557025248746, 0);
INSERT INTO local_auths (user_id, passwd, salt, id, created_at, updated_at, version) VALUES (1279976691204384, '58fb74bcbc792706e58e803d388dacf3a1802d30e35388b32492641d3d5fd4a2', 'c3f7067890a5d9f1147f2b207bd8951b7f1a1f3cf69fcf9dfb0050b7676a7875', 1279976691204416, 1557025248746, 1557025248746, 0);

CREATE TABLE attachments (
  id BIGINT NOT NULL,
  height INTEGER NOT NULL,
  width INTEGER NOT NULL,
  created_at BIGINT NOT NULL,
  resource_id BIGINT NOT NULL,
  size BIGINT NOT NULL,
  updated_at BIGINT NOT NULL,
  user_id BIGINT NOT NULL,
  version BIGINT NOT NULL,
  mime VARCHAR(100) NOT NULL,
  name VARCHAR(100) NOT NULL,
  PRIMARY KEY(id)
) Engine=INNODB DEFAULT CHARSET=UTF8MB4;

CREATE TABLE resources (
  id BIGINT NOT NULL,
  created_at BIGINT NOT NULL,
  updated_at BIGINT NOT NULL,
  version BIGINT NOT NULL,
  encoding VARCHAR(50) NOT NULL,
  hash VARCHAR(64) NOT NULL,
  content MEDIUMTEXT NOT NULL,
  CONSTRAINT UNI_HASH UNIQUE (hash),
  PRIMARY KEY(id)
) Engine=INNODB DEFAULT CHARSET=UTF8;

INSERT INTO resources (hash, encoding, content, id, created_at, updated_at, version) VALUES ('10cefe320c9e49a9a0ba13bf870c3b5dcd572ff0032ea941b2f659e9e712bfe4', 'BASE64', '/9j/4QAYRXhpZgAASUkqAAgAAAAAAAAAAAAAAP/sABFEdWNreQABAAQAAAAKAAD/4QMsaHR0cDovL25zLmFkb2JlLmNvbS94YXAvMS4wLwA8P3hwYWNrZXQgYmVnaW49Iu+7vyIgaWQ9Ilc1TTBNcENlaGlIenJlU3pOVGN6a2M5ZCI/PiA8eDp4bXBtZXRhIHhtbG5zOng9ImFkb2JlOm5zOm1ldGEvIiB4OnhtcHRrPSJBZG9iZSBYTVAgQ29yZSA1LjUtYzAxNCA3OS4xNTE0ODEsIDIwMTMvMDMvMTMtMTI6MDk6MTUgICAgICAgICI+IDxyZGY6UkRGIHhtbG5zOnJkZj0iaHR0cDovL3d3dy53My5vcmcvMTk5OS8wMi8yMi1yZGYtc3ludGF4LW5zIyI+IDxyZGY6RGVzY3JpcHRpb24gcmRmOmFib3V0PSIiIHhtbG5zOnhtcD0iaHR0cDovL25zLmFkb2JlLmNvbS94YXAvMS4wLyIgeG1sbnM6eG1wTU09Imh0dHA6Ly9ucy5hZG9iZS5jb20veGFwLzEuMC9tbS8iIHhtbG5zOnN0UmVmPSJodHRwOi8vbnMuYWRvYmUuY29tL3hhcC8xLjAvc1R5cGUvUmVzb3VyY2VSZWYjIiB4bXA6Q3JlYXRvclRvb2w9IkFkb2JlIFBob3Rvc2hvcCBDQyAoTWFjaW50b3NoKSIgeG1wTU06SW5zdGFuY2VJRD0ieG1wLmlpZDpCODQ5NDA1RTQyMDUxMUU5OTk4RkJCNjMyNTY5RTk2QSIgeG1wTU06RG9jdW1lbnRJRD0ieG1wLmRpZDpCODQ5NDA1RjQyMDUxMUU5OTk4RkJCNjMyNTY5RTk2QSI+IDx4bXBNTTpEZXJpdmVkRnJvbSBzdFJlZjppbnN0YW5jZUlEPSJ4bXAuaWlkOjEzOTcxQUQ1NDIwNTExRTk5OThGQkI2MzI1NjlFOTZBIiBzdFJlZjpkb2N1bWVudElEPSJ4bXAuZGlkOjEzOTcxQUQ2NDIwNTExRTk5OThGQkI2MzI1NjlFOTZBIi8+IDwvcmRmOkRlc2NyaXB0aW9uPiA8L3JkZjpSREY+IDwveDp4bXBtZXRhPiA8P3hwYWNrZXQgZW5kPSJyIj8+/+4ADkFkb2JlAGTAAAAAAf/bAIQAFBAQGRIZJxcXJzImHyYyLiYmJiYuPjU1NTU1PkRBQUFBQUFERERERERERERERERERERERERERERERERERERERAEVGRkgHCAmGBgmNiYgJjZENisrNkREREI1QkRERERERERERERERERERERERERERERERERERERERERERERERERE/8AAEQgBaAKAAwEiAAIRAQMRAf/EAI4AAQADAQEBAAAAAAAAAAAAAAACAwQFAQYBAQEAAwAAAAAAAAAAAAAAAAABAgMEEAEAAgADAwgDDQgDAAAAAAAAAQIRAwRREhMhMUFhUuJTk4HRkpGhscHhIkJicqLSFAXwcTIjM0NjJIKyoxEBAAEDAwQDAQAAAAAAAAAAAAERUQIxEiJhobED8EEycf/aAAwDAQACEQMRAD8A+jAdDlAAAAAAAAAAAAAAAAAAAAAAAAAAAAAAAAAAAAAAAAAAAAAAAAAAAAAAAAAAAAAAAAAAAAAAAAAAAAAAAAAAAAAAAAAAAAAAAAAAAAAAAAAAAAAAAAAAAAAAAAAAAAAAAAAAAAAAAAAAAAAAAAAAAAAAAAAAAAAAAAAAAAAAAAAAAAAAAAAAAAAAAAAAAAAAAAAAAAAAAAAAAAAAAAAAAAAAAAAAAAAAAAAAAAAAAAAAAAAAAAAAAAAAAAAAAAAAAAAAAAAAAAAAAAAAAAAAAAAAAAAAAAAAAAAAAAAAAAAAAAAAAAAAAAAAAAAAAAAAAAAAAAAAAAAAAAAAAAAAAAAAAAAAAAAAAAAAAAAAAAAAAAAAAAAAAAAAAAAAAAAAAAAAAAAAAAAAAAAAAAAAAAAAAAAAAAAAAAAAAAAAAAAAAAAAAAAAAAAAAAAAAAAAAAAAAAAAAAAAAAAAAAAAAAAAAAAAAAAAAAAAAAAAAAAAAAAAAAAAAAAAAAAAAAAAAAAAAAAAAAAAAAAAAAAAAAAAAAAAAAAAAAAAAAAAAAAAAAAAAAAAAAAAAAAAAAAAAAAAAAAAAAAAAAAAAAAAAAAAAAAAAAAAAAAAAAAAAAAAAAAAAAAAAAAAAAAAAAAAAAAAAAAAAAAAAAAAAAAAAAAAAAAAAAAAAAAAAAAAAAAAAAAAAAAAAAAAAAAAAAAAAAAUX1Na24dYm9+xSMZ9PRHpmErQiK6LxXGXq78sZdKfbvjP3Y+N7+W1e3K9y3rTdDPZKYhwNZHhT6bR8UozXV158qs/ZzPXEG6DZktFE596/wBTKzK/8d7/AKzKP57K6d7HZw7+pd0JtmzSM/5qd6sbl4red2LWjd5cJnmnl6NjQRNUmJjUAVAAAAAAAAAAAAAAAAAAAAAAAAAAAAAAAAAAAAAAAAAAAAAAAAAAAAAAAAAAAAAAAAAAAFefmxk5dsyeXCObbsgELb+ozOBlTu4cuZePoxsj60+9HLsdLI0+Xp67mXEVj9ufbLFp6W0mTM4b+ZhN7RH0r/tyR1L9PrJtlZeZn1nKvmTu7k7Z6GiZrLpjGkNYy8bP/M8Phxwd3Hib30tmDUigAAAMH6rH8mL9NL0tHtRHwS8S/VZ/kbvTa+XX70ItmDV7PoAbGoAAAAAAAAAAAAAAAAAAAAAAAAAAAAAAAAAAAAAAAAAAAAAAAAAAAAAAAAAAAAAAAAAAZdbaIjLrPTmZfJtws1MuoreM3KvlWit5mcvljGMJjGdnZ2sctGWH6h0VOdpsvUTE5sTO7/DhaYwnbHX1qorq6fTpf7VZr8EynWNXPLu5WH2rfhaXQ20mIiK444bedPFycjUZ+5FbZV7Z3LvYxu1iftTyYR1Yr4rrOzle3b8IroDn7us7OV7dvwqtR+epl2tWKYxHNXetPo5ubnEdV5NojpcyuuysIiJveY2ZdsZ95VqM3UTu4RwaXtuYzhN+WJ6OaObrnqBbqsyNRn1y68tcr595+th82PfmfcWK8rKrk13KRhHw9c9axuxikOfKayAMmIAAAAAAAAAAAAAAAAAAAAAAAAAAAAAAAAAAAAAAAAAAAAAAAAAAAAAAAAAAAAAAAAAAz5v9fJj61p+5LQz5vJn5E/WtHu0ljloyw/UNdf47fuhPT5k4UrtxRis70z0TEGXXCK489Wl0NghW8T+9MEL23cOucClpmbRPRL21d7DqnErXCZnaCHEmK2tsnBl/U/4cqf8ALT42uleeJ6Zlk/U+bKj/AC1+CZISdHgDocwAAAAAAAAAAAAAAAAAAAAAAAAAAAAAAAAAAAAAAAAAAAAAAAAAAAAAAAAAAAAAAAAAAAA5+qtmZudGXl2ivD3czHDGcZxw9GHO6DDn6fN4s5uVuzForExaZjmx6pP7oRX61e7+pn+77mXU3tR40+xVXw9T2K+Z3Xm5qexXzPkKYWK+y/hbvanxvuVexfUx/en2K+pTuanw48z5Dh6nsV8zulMLFfZfwu4mp8a3sU9RxNT41vZp6lPC1PYr5ndOHqexXzO6UwsV9l13E1PjW9inqV5tc/N3d7Omd2d6PmV58MNnWjwtT2K+Z3ThansV8zulMLFfZfwl/seL/wCcH+z4seXHrR4Wp7FfM7pwtT2K+Z3V4/Kpy6dksdT4tfL+Ux1PiV8vvI8PU9ivmd04ep7FfM7px+VOXTsnvarxKeX3je1Xbp5c/iQ4ep7FfM7puanw48yPUcTl07OkAigAAAAAAAAAAAAAAAAAAAAAAAAAAAAAAAAAAAAAAAAAAAAAAAAAAAAAAAAAAAAAAAAAAAAAAAAAAAAAAAAAAAAAAAAAAAAAAAAAAAAAAAAAAAAAAAAAAAAAAAAAAAAAAAAAAAAAAAAAAAAAAAAAAAAAAAAAAAAAAAAAAAAAAAAAAAAAAAAAAAAAAAAAAAAAAAAAAAAAAAAAAAAAAAAAAAAAAAAAAAAAAAAAAAAAAAAAAAAAAAAAAAAAAAAAAAAAAAAAAAAAAAAAAAAAAAAAAAAAAAAAAAAAAAAAAAAAAAAAAAAAAAAAAAAAAAAAAAAAAAAAAAAAAAAAAAAAAAAAAAAAAAAAAAAAAAAAAAAAAAAAAAAAAAAAAAAAAAAAAAAAAAAAAAAAAAAAAAAAAAAAAAAAAAAAAAAAAAAAAAAAAAAAAAAAAAAAAAAAAAAAAAAAAAAAAAAAAAAAAAAAAAAAAAAAAAAAAAAAAAAAAAAAAAAAAAAAAAAAAAAAAAAAAAAAAAAAAAAAAAAAAAAAAAAAAAAAAAAAAAAAAAAAAAAAAAAAAAAAAAAAAAAAAAAAAAAAAAAAAAAAAAAAAAAAAAAAAAAAAAAAAAAAAAAAAAAAAAAAAAAAAAAAAAAAAAAAAAAAAAAAAAAAAAAAAAAAAAAAAAAAAAAAAAAAAAAAAAAAAAAAAAAAAAAAAAAAAAAAAAAAAAAAAAAAAAAAAAAAAAAAAAAAAAAAAAAAAAAAAAAAAAAAAAAAAAAAAAAAAAAAAAAAAAAAAAAAAAAAAAAAAAAAAAAAAAAAAAAAP//Z', 1279976691204544, 1557025248747, 1557025248747, 0);
INSERT INTO attachments (user_id, resource_id, size, width, height, name, mime, id, created_at, updated_at, version) VALUES (1279976691204128, 1279976691204544, 3468, 640, 360, 'img-0', 'image/jpeg', 1279976691204576, 1557025248747, 1557025248747, 0);
INSERT INTO resources (hash, encoding, content, id, created_at, updated_at, version) VALUES ('f1a7d878def8e70293eeb1d26ea20d4e47bc7e07edd0b142545df4bfd26d80c9', 'BASE64', '/9j/4AAQSkZJRgABAgAAZABkAAD/7AARRHVja3kAAQAEAAAACgAA/+EDLGh0dHA6Ly9ucy5hZG9iZS5jb20veGFwLzEuMC8APD94cGFja2V0IGJlZ2luPSLvu78iIGlkPSJXNU0wTXBDZWhpSHpyZVN6TlRjemtjOWQiPz4gPHg6eG1wbWV0YSB4bWxuczp4PSJhZG9iZTpuczptZXRhLyIgeDp4bXB0az0iQWRvYmUgWE1QIENvcmUgNS41LWMwMTQgNzkuMTUxNDgxLCAyMDEzLzAzLzEzLTEyOjA5OjE1ICAgICAgICAiPiA8cmRmOlJERiB4bWxuczpyZGY9Imh0dHA6Ly93d3cudzMub3JnLzE5OTkvMDIvMjItcmRmLXN5bnRheC1ucyMiPiA8cmRmOkRlc2NyaXB0aW9uIHJkZjphYm91dD0iIiB4bWxuczp4bXBNTT0iaHR0cDovL25zLmFkb2JlLmNvbS94YXAvMS4wL21tLyIgeG1sbnM6c3RSZWY9Imh0dHA6Ly9ucy5hZG9iZS5jb20veGFwLzEuMC9zVHlwZS9SZXNvdXJjZVJlZiMiIHhtbG5zOnhtcD0iaHR0cDovL25zLmFkb2JlLmNvbS94YXAvMS4wLyIgeG1wTU06RG9jdW1lbnRJRD0ieG1wLmRpZDowNUJDMkU1QTQyMDIxMUU5OTk4RkJCNjMyNTY5RTk2QSIgeG1wTU06SW5zdGFuY2VJRD0ieG1wLmlpZDowNUJDMkU1OTQyMDIxMUU5OTk4RkJCNjMyNTY5RTk2QSIgeG1wOkNyZWF0b3JUb29sPSJBZG9iZSBQaG90b3Nob3AgQ0MgKE1hY2ludG9zaCkiPiA8eG1wTU06RGVyaXZlZEZyb20gc3RSZWY6aW5zdGFuY2VJRD0ieG1wLmlpZDo3MEZERjI3OTJCRDgxMUU2OUIyREM0OUM4MTBDNDI3MyIgc3RSZWY6ZG9jdW1lbnRJRD0ieG1wLmRpZDo3MEZERjI3QTJCRDgxMUU2OUIyREM0OUM4MTBDNDI3MyIvPiA8L3JkZjpEZXNjcmlwdGlvbj4gPC9yZGY6UkRGPiA8L3g6eG1wbWV0YT4gPD94cGFja2V0IGVuZD0iciI/Pv/uAA5BZG9iZQBkwAAAAAH/2wCEABQQEBkSGScXFycyJh8mMi4mJiYmLj41NTU1NT5EQUFBQUFBREREREREREREREREREREREREREREREREREREREQBFRkZIBwgJhgYJjYmICY2RDYrKzZERERCNUJERERERERERERERERERERERERERERERERERERERERERERERERERP/AABEIAWgCgAMBIgACEQEDEQH/xACAAAEAAwEBAQAAAAAAAAAAAAAAAQMEAgUGAQEBAQEAAAAAAAAAAAAAAAAAAQIDEAEAAgIABAMEBwYFBAMAAAAAAQIRAyExEgRBUWFxgSITkaGxwTJyBdFCUoIjFPDhkqIz8bLCU6OzFREBAQEBAQEAAAAAAAAAAAAAAAERMSEC/9oADAMBAAIRAxEAPwD64BzbAFAAAAAAAAAAAAAAAAAAAAAAAAAAAAAAAAAAAAAAAAAAAAAAAAAAAAAAAAAAAAAAAAAAAAAAAAAAAAAAABAAAAAAAAAAAAAAAAAAAAAAAAAAAAAAAAAAAAAAAAAAAAAAAAAAAAAAAAAAAAAAAAAAAAAAAAUAAAAAEAAAAABQAAAAAAAAAAAQAFAAAAAAAAAAADmAAAAAByAA5AByEABQAAAAAAAQAFABAAUAAAAAAAAAAAAA5gAAAAACAAoAAAAASAAAAgAAAAAAAAAAAAAAcgAAAAAOYABzAAAAAAAAAAAAAAAAAAAAAAAAAAAAAA5AAAAAAcwAAUOYCAAoAIACgAAAAAAAgAKACAAoAIAAACgAgAKACAAoAIAAAAAAACgAAAgAAAAAKAAACAAoAIACgAgAKAAACAAAAAAoAAAIACgAgAKAAAAAAAAAAAAAAAAAAAAAAAAAAAAAAAAAAAAAAAAAAAAAAAAAAAAAAAAAAAAAAAAAAAAAAACAAAAoAAAAAIACgAgAKAAACABkAAAAAAAAAAAAAAAAAAAAAAAAAAAAAAAAAAAAAAAAAAAAAAAAAAABQAAAQAAAAAAAFABAAUAEABQAQAFAyAAAAAAAAAAAACAAoAAAAjORT3dbW1W6JmLdMzXHnhRo/UNdtfVe2LViOvh58p96DcKY7jXFIvNois8OPDitraLRmOMeaiQABR3Hd6u36Y2WiJtOI/x9/Jf7EAAABQAAAAAAAAAAAQAFABAAUAAAAAEABQAAAQAAAFABAAAAAAUAJQAFABAAAAAAUAAAEABQAQAAAFAGXdstW1aa8RNotOZ48sevqIv2bK64zeYiPWXzunVbdWuY6a2+HqrjjEZmOrOZz8MY98cnvae0pFvmTM2v/FM/sxDJ/Z7pts1xiuuJ6tVufGefj6zzLPDVOzt+nha02paLzETj8WJnMcPze9u7LZFtUVieNY6Z8+Dyuz32vsmmyOnptN8eMRMXmZn6Y+lr01jXsrujlaba/TE2tMT9kJFbtvc69M1recTbhVcw91+n07i8bJmYnlb1hX3P6lXVnXqxa/DEZ4fT9Pj4Kizv+wjuppbxrMZ/L+36Pa2xGOEPjtXf7J7uNl/gmZ5Y8Orly+t9fTZGysXrxiYiYB2Kb76UvWkzEWtn6oyuhFAFABAAUAEABQAAAQAFABAAAAAAAAUAEABQAAAAAAAQAAAFABAAAAAAUAEABQAAAQAAAFABAAAAAU9z29O4rNNnL0XCjLq7a+mvTrviI84jH7Svc7pvOvorMxHPqn7On72ll7aZt3W2P4Yr9cESuN/a111veIxs3TWl5iZ5cvsROiOiNVZ5RGJ9a8l/6jovv0TSnC3CY+lm7GJpqilpzaJtE+2MtSesfV8aO32/0p6541zW38v+XF4+f7ms7Lxib8PZEf4y095snTXbbGa3r0z6Ty+vMK448Y+ln6mVZdjFr7H5VpmLZ4cOHKfDx/x6vS/RZnGykzmK3wqwu/SY6LbYnHGY5e9Gl+79M17bzaZmIv8A8kefl7OLdERBnPLxSoDnrjOM8XSKAAAAAAAAAAAAAAAAAKAAAAACAAAAAAAAAAoSAAAgAAAAAAAAAAAKACAAAAAAAAoAIACgAgAKDP2dc32X/inH+nMNCrs5+CfPq2f99liVomHjWrsjuLbY4aovj3zEV+2XtMvfxadNopE2tOOmI88tMsUz8/bOivGIms7M+63vy1z+m9vac9ER+Xh9h2Pbzq15vGNluN5+yPXDYdOPOt+lauHRNq+fx25eX4mbs/0y2vudk7Yi2uYnp6vi/e4c+L2hMGPb2VZjOnGu/wDFWPu8WDf3t72/tKZjd+9MTw+n15+mfPg9t5f6j2fzb0vWei1p6JtjPDFp5e1LFlUf/mWnXPVaPmTx6sZ/6+2fat/T98zNtWzMTExiJnqxmOWfHz/mx4M99NuzmJnE+PXWOnOOM1mI9InzWbo6e6jb/D0f7pms/UxytPWEcktAAAAgAKAAACABKgAAAAAAAgAAAKGAEAAAAABQAQAAAAAAAAAAAFAAAAAAABAAUAAAAAEABQQlAE2iOc4YNXc11btlZtHROJrPhE+OZ9c8HXb0+fbZG6ZzW0xWMzHw+HJ1ns4iaz04mcT1Rzmvt8lZb44kvP1b4rurr13m9Ji0TmcxExyxPj4+MtHdXvXo+XOJm2OPH923sXUaEsVtvc1/ci3s+H75V/3fdf8Ao/8AkqauPRc7NldcZtOIedfvu4pNYtqivVPTGbZ4+5H6h86NM3tNcVmJxFZ9n8U+ao9Nm7mc2118erP1WaYnLFidnc2vn4aR0RHrzz9eEqsndzbbvinOkdNf5pnj/smTuJi+y2PxTOukR78z9EWynPGLz/7bZ+usfcjRpm/c26o/48W9vVXH3MfXcWPUj1SIlVSAgAAAAAAAKACAAoAAAIACgAAAgAAAKACAAoAIACgAASAACAAAAoAQgAAAAAKAAAAACAAoAAAAy77TpvXbEZicUt7Oefdx+lxfbPax18LaZmZzHh1cfDOeM+Tazbey1bPDE+PTEQIndMYpeOUWrx/N8P3uu5421fn/APGznuYiuqccq9M/6ZhF7dUabedon/ZYhWhICq92qNtZrPjDjVsr3NJpfhaMddfX9mV7NovG3be8cIr/AE/fnj9yxK77TdE1+VMx10jFo8fT6UdvOJvWecXt9fH72bt6RbbTd+9s6rz+Xw+2FsVm3d2vH4a06J9vC32HUZ+6xptNbf8AFsmc+mY4z9TmItWZ22nNtcxWZ/irP7Mzyd992eqbT3G29ojpxjMdM+nHz8mPse320mmq9omM9V+eYx+GPZw8fXCUe9AiEjSEggAAAKACAAAHIAAkAAAAABQAQDmCgAAHIQAAAFAAA5ggAKHqAgAAAAHIAAAOYCgAgAKACAAoAAAIACgAgAKKO8j+hs/Lb7FNJ/pdt/L/APXZZ3tojVMTwiZrE++0KtM/M3R0/wDHrr0x+b2eyRG4EZwKq7nfGiuedp+Gses8lG3RHRXtYnGYza3jiuOPtmcO9lqW2zN/w6q9U+2Z5+7plRN9lNdts8b7Jjojyrzx5cOIjrXeNU7O6vPwR8NY8sT0z9MxEtPb0mtM2/FaZtPtnjj3cvcoitbWr2/ONcZt5csR9ufc2g5tWt4xaMx5SU1V1x00iKx6Rh0CoSSIAcwABQAAAAAQAADkCgAgHIAAAAACQUAAAAAAAAAAAEAAABQAQAFAAAAAAAAABAAUAAAEABQAABAIveuuOq8xER4zwRXZW8dVZiYnxhh/VqdeqI48/CJnwnniJ+HzZJv3Ea6bKUmOqnT0UiYxOa/u+EcJwg9m8V2R0WiJjylzX5WqsxXFaxzxwiPN4Oie4tstWk3nbThabT8EfDMfTM9Ph6utXbdzauyL9fXMTExn4Z+KJ+zy4eCo93XtptjOu0WjOM1nLL/c7tm6aaoiddZiLzPPlnhx8pjwWdp29dWmKRHTMxGceeOLFTtNmj51tc3m/PXM28enHsmf8kV6GztdW23XaMzjznj7vFO7TG6IjM1ms5iazj0eZ2+zfF7xEbei1Z6J2Rx64+yJzHOPBN9fda61+XNptanxdU5xbNfo8Qelo1a9cT0cc855zPtWvDveadvM9t835kRXq6uvPrjq4Zzzx6tnZ9zPcbdk5noicViYx+7Xjjn4yD0REJUAAAEABQAQAFABAAUAAAAAAAAAEAAABQAQAFAAABAAUAAAAAAAEABQAQAAAADmCgAgAABIoAIAAACgACina012vsp+K8x1e5Z8WMOxBx8RGXeDmDj4nUZ8UmAROZjEcJUdr23yYmbW6r2t1Wnlx4R90NGRQAAAQAFABADkKAAACAAAAoAAAhBICgAgAKAAAAAAAAACAAAAoAAAAAIAAAAACgAgAKACAAAAAAoAIACgAAAAAAAAAAAAAgAAAAAKACAAoAIAAAAAAACgAAAAAgAAAAAKACAAoAAAIACgAgAKACAAAAoAIAAAAACgAgAAAAAKACAAoAAAAAAAAAIAAACgAAAAAgAAAAAKACAAAAoAIAAAAAAACgAAAAAgAKACAAoAAAIAAAAACgAgAAAKAAACAAoAAAAAIACgAgAKAAACAAAAAAoAIAAAAACgAAAgAAAKACAAAAAAoAAAIACgAgAKAAACAAAAAAoBzAAAIAQAgAAUAEADmAAoAIBgAAFAAABAAUAAAEDmAoAAAIACgAgAcgAAAFAAABAAUAEABQAQAFABAAUAAAAAEABQAAAAAQAFAAAAAAABAAUAAAAAEABQAAAQAFABAAUAAAAAEAAABQAQAAAFAAAAAAAAABAAUAAAAAAAAAEABQAAAAAQAFABAAAAUAEABQAAAAOQAAIAAACgAAAgAAAAAAAKAAACAAoAAAAAIACgAAAAAAAAAgAAAAAKACAAAAAAAAAAoAAAIGAAAAAAAFABAAUEAgkBQAQAAAFAAAAAADAAACAAAAAAoAIAAAAACgAgAKAAACAAAAoAA//Z', 1279976691204608, 1557025248748, 1557025248748, 0);
INSERT INTO attachments (user_id, resource_id, size, width, height, name, mime, id, created_at, updated_at, version) VALUES (1279976691204128, 1279976691204608, 4554, 640, 360, 'img-1', 'image/jpeg', 1279976691204640, 1557025248748, 1557025248748, 0);
INSERT INTO resources (hash, encoding, content, id, created_at, updated_at, version) VALUES ('440392a23d56a425a41ade3c9e8cf9941179f05ac0dbe22f666f754c2050bfd3', 'BASE64', '/9j/4AAQSkZJRgABAgAAZABkAAD/7AARRHVja3kAAQAEAAAACgAA/+EDLGh0dHA6Ly9ucy5hZG9iZS5jb20veGFwLzEuMC8APD94cGFja2V0IGJlZ2luPSLvu78iIGlkPSJXNU0wTXBDZWhpSHpyZVN6TlRjemtjOWQiPz4gPHg6eG1wbWV0YSB4bWxuczp4PSJhZG9iZTpuczptZXRhLyIgeDp4bXB0az0iQWRvYmUgWE1QIENvcmUgNS41LWMwMTQgNzkuMTUxNDgxLCAyMDEzLzAzLzEzLTEyOjA5OjE1ICAgICAgICAiPiA8cmRmOlJERiB4bWxuczpyZGY9Imh0dHA6Ly93d3cudzMub3JnLzE5OTkvMDIvMjItcmRmLXN5bnRheC1ucyMiPiA8cmRmOkRlc2NyaXB0aW9uIHJkZjphYm91dD0iIiB4bWxuczp4bXBNTT0iaHR0cDovL25zLmFkb2JlLmNvbS94YXAvMS4wL21tLyIgeG1sbnM6c3RSZWY9Imh0dHA6Ly9ucy5hZG9iZS5jb20veGFwLzEuMC9zVHlwZS9SZXNvdXJjZVJlZiMiIHhtbG5zOnhtcD0iaHR0cDovL25zLmFkb2JlLmNvbS94YXAvMS4wLyIgeG1wTU06RG9jdW1lbnRJRD0ieG1wLmRpZDowNUJDMkU1RTQyMDIxMUU5OTk4RkJCNjMyNTY5RTk2QSIgeG1wTU06SW5zdGFuY2VJRD0ieG1wLmlpZDowNUJDMkU1RDQyMDIxMUU5OTk4RkJCNjMyNTY5RTk2QSIgeG1wOkNyZWF0b3JUb29sPSJBZG9iZSBQaG90b3Nob3AgQ0MgKE1hY2ludG9zaCkiPiA8eG1wTU06RGVyaXZlZEZyb20gc3RSZWY6aW5zdGFuY2VJRD0ieG1wLmlpZDo3MEZERjI3OTJCRDgxMUU2OUIyREM0OUM4MTBDNDI3MyIgc3RSZWY6ZG9jdW1lbnRJRD0ieG1wLmRpZDo3MEZERjI3QTJCRDgxMUU2OUIyREM0OUM4MTBDNDI3MyIvPiA8L3JkZjpEZXNjcmlwdGlvbj4gPC9yZGY6UkRGPiA8L3g6eG1wbWV0YT4gPD94cGFja2V0IGVuZD0iciI/Pv/uAA5BZG9iZQBkwAAAAAH/2wCEABQQEBkSGScXFycyJh8mMi4mJiYmLj41NTU1NT5EQUFBQUFBREREREREREREREREREREREREREREREREREREREQBFRkZIBwgJhgYJjYmICY2RDYrKzZERERCNUJERERERERERERERERERERERERERERERERERERERERERERERERERP/AABEIAWgCgAMBIgACEQEDEQH/xACOAAEAAgMBAQAAAAAAAAAAAAAABAUBAwYCBwEBAQEBAQEAAAAAAAAAAAAAAAEDAgQFEAEBAAECAwUFBQUHAwUBAAAAAQIRAyExBEFRcRIF8GGBwSKRobEyE9HhQnIGUmKCoiNDFDNTc/GSstIkNBEBAQACAgEFAQEAAAAAAAAAAAERAiExA0FRYRIyE1L/2gAMAwEAAhEDEQA/AOhAfPekAAAAAAAAAAAAAAAAAAAAAAAAAAAAAAAAAAAAAAAAAAAAAAAAAAAAAAAAAAAAAAAAAAAAAAAAAAAAAAAAAAAAAAAAAAAAAAAAAAAAAAAAAAAAAAAAAAAAAAAAAAAAAAAAAAAAAAAAAAAAAAAAAAAAAAAAAAAAAAAAAAAAAAAAAAClAClAAAAAAAAAAAAAClAClAClAClAAAAgAQgAQgAQgAQ7gA7juADuAAAAAAAAIAEIAEAAAAAAAApQApQAAAAAAAhAAhAAAAAAAAAApQApQAAAAAAAAA7zvADvO8AKUAKUAKUAKUAAACABCABCABCABAAAAAAAAAAAACABCABAAAAAAAAAAAAAAAAACEACEAAAAAAAAAClAClAAAAAAAAAAAAAClAClAAAAAAAAAAAAAAAAAAAAAAAAAAAAAAAAAAAAAAAAAAAAAAAAAAAAAAAAAAAAAAAAAAAAAAAAAAAAAAAAAAAAAAAAAAAAgAQgAQAAAAAAAAAAAAgAQgAQAAAAAAAClAClAAAAAAAAIQAIQAAAAAAAAAKUAKUAAAAAAAAAO87wA7zvAClAClAClAClAAAAgAQgAQgAQgAQAAAAAAAAAAAAgAQgAQAAAAAAAAAAAAAAAAAAAAAAAAAAAAAClAClAAAAAAAAAAAAAClAClAClAClAAAAgAQgAQgAQgAQ7gA7juADuAAAAAAAAIAEIAEAAAAAAAApQApQAAAAAAAAAAAAAAAAAAAAAAAAAAAAAAAAAAAAAAAAAAAAAAAAAAAAAAAAAAAAAAAAAAAAAAAAAAAAAAAAAAAAAAPE8QA8TxAD29vbwPb29vAAPb29vA8AA8DwADwPAAPA8AA8DwAAAAAAAAAAAAADwPAAPA8AAAAAAAAAAAAAAAAAAAAAAAAAAAAAAAAAAAAAAAAAAAA8TxADxPEAAAAAAAAAAAAAAAApQApQAAAAAAAAAAAAApQApQApQApQAAAIAEIAeJCAeJ4kIB4hDuADuO4AO4AAAAAAAPEIB4niQgHieJADxPEAPE9vb28QA9vb28T29vbxADwPApQPA8ClAAAAAAACEACEAAAAAAAAAClAClAAAAAAAAADvO8AO87wApQApQApQApQAAAIAEIAEIAEIAEAAAAAAAAAAAAIAEIAEAAAAAAAAAAAAAAAAAAAAAAAAAAAAAAAAAAAAAAAAAAAAAAAAAAAAAAAAAAAAAAAAAAAAAAAAAAAAAAAAAAAAAAAAAAAAAAAAAAAAAAAAAAAAAA5nMAOZzAAAAAAAAAAAAADmcwA5nMAAAAAAAAAAAgAQgAQAAAAAAAAAAAADmAR4y3cJfLxuXbMZrZr+HxPNuc/wBLP/L/APZ1NbUzHsjXN/DXy5a4ZXszmn2dn2Vs5JZZ2uQ5AgcgAAecsvL2a23SQnI9HGsTHHbtu9uzXhLjNMZLfv8AvbP+L090zy4y6aebLKy68uFung2nivrXH3jwc+TdOh6e/wC3j/7Y8zoely444Y8O3Hs+xf4/Kff4a6N2PRbeP5PNL/NlfutsRc8c9iee5Tc2u3L+Ke/hw0nby041zfFZ8rN5WwBk7AAAhAAhAAAAAAAAAApQApQAAAAAAAAA7zvADvO8AKUAKUAKUAKUAAACABCABCABCABAAAAAAAAAAAB43crjjbrpymvdr+x70YsmUsvGXhYTi8jZ1Ny6fbn6Okty7bx48eGtmt92vLkiY+qZXDK2ayeaTKTTjjh5vy34+3Fst3MZcNMdzbv8GfOfHjr7pp8Xr/lY4Y657NxxnP8AJZpy7+7uevXfW9VjZUnC49TjcdyS8csfLePCWxF28bjrhzmOVxxvu/dy1+L3ubuWedx2tMZ5ZbnONsy7uz8WMcZjNJ7e338XHls/Pq60l7ZPE0QOq9V2untww+vOcLJynjf2MJLemluO0/mKPDHr+uvmxtwxvKz6Z+2pm50d6Xbuee9uZZ8seNv1Xl9Pb8exp/P55cfZYaPGcylm5t6XLHXhe2ds93Z+DMx3s+OO3p/Plp+Gqs6j1TPYz8uU287/AHMrw8eBrptLmLdosMsem63c45aZWaXDLhdey8e7Wzhw4t2PQTG53zX6pZ4a/jp2dyjx6jq+vsmG3j5LeFuOsnxy4fZFlt/rbV/T3rLPL5r+n5sbLPC9vZppyvBt9sds8Z6S8OgmGeOcyumMnDw17dffre9ien+XLzTL+PLc0s/tfOacL2d1R9vHcyxn6mWWM5yTO68ePHLn7tNbJ72ybdxusyz4d+5lfml8uq/Sk9O8s1y3LNLjlbppxmvHu1uv3PG3lMcLtbGXmxty+rT6Z5rrz7dOXDn2tmeGOf55L48XrTg4vl/zFmnuxjjMZMZyk0jIMGgAAAAAAAAAAAAAAHM5gBzOYAAAAAAAAAfM+YAfM+YAczmAHM5gBzOYAczmAAAByADkcgA5HIAORyADkfIAPkfIAPkAAAAAAAHMIAACPNnLb3P1McpNvTTLHTSSe6/t76r+p9a8tuOxjrp/Fly+E/el+qzXp7PNMe3jefu9v3ofoW3sZ+bzyXclnl83d3xvpJZ9tuXFuLiM7HQ9Z1f1b+dxwy5468/8PKe2sWnT+ndPsSTHCWz+LLjdUrKZWaY3S96L0HUXdmeOX+3ncJe+Tlr73aM9TuYbWWP6m7cJlwxnDTh79Pmreu9awymmxLbLMvNeE4fej+uXLLenO4SaTu17fj3rXofTtnZwxysmed0vm5/YvE5c98K7Z6fr+r+rczywxvfdP8s0+9ZbHpPTbE/L5r358f3fcmbmVxxtxmt7J7djz0+eO7t45bd82NnC95m1cSPWW5jhpLdNeEiFvdJeo387hnlhnMcLjljf5uc7Wd/Z3d3qNrc2L9OOsz46Sz5+3JM/4OOW7N/PXzyaTS6TT5/EkS1Wzd6npfp6rDXH/u4cv8X7UzGzKTLG6zss5LCzXheMQOr6PHb2rudPPJlhrn5ceEy91nK6/a528WeYs39wa+m35v7eO7jNJlOTY81mK1AAAAApQApQAAAIAEIAEIAEIAEIAAAAAAAAAAAAAEIAEIAAAAAAAAAAAAAAAAAAAAAAAAAAAADGsk1vCTtapN7qeGxpht3/AHMuOv8ALPnfhrwrZsdP+tnnnuaZbc+nHHs4c7e+69/LRY6dz0ePx+tZ7bekQZ0fTdNhM97TK4/7m7xv235Oe9NzmXXTKcdbn+Fddnt47k8ucmU7rNUXD0zpsN2b2GExyndwn2cm2PZnl682vCcb7jY6PHa1vblbldOWt/H4pGX0TXGa6dkcp6j6h1uWdmXm2sZdJJrP83b+CSSdrblYeu9VszZ/4+Nnn1x+nHs09uR6Fncunst10y0n2RT9H6bv9bfNjNMbzzy9uLqej9O2ulw8mOt15+bj93JbMkuGeOfDGazvvJnpuhw6bbm1jrcZ3pQTWRLcsaaMg6QYvGIHqfW7fT7Vnm0z4aYy/VzVuz/UG5u7+OHkkwysx07eN011Bv8ATtcdvLDswz3MZ8KlonRc973buaW8O/6r0a9AMuVYAAAAAAAAAAAAAAAAAAAAAAAAAAAAAAAAAAAAAAAAAAAAAAAAAAAAAAAAAAAAJzOwBTdfv5Y9Nj5LZ/q7nK6crWvpvXuo2ZMdzTcnv4X7Wvrbr0+3f7+9/wDJXPdr0897df03rnTb/DK+TLuz/asplLNY+fPW3u57N823lcb3yukfQDSOY6X+odzDTHfx80/tY8L+/wC50HTdVt9Vh59q6z8EG/QBQAAAByPqPSbm71m55MbZrjreyayLXofQ9vYym7uXz5zjj2Sfv+Kx62T9HL4fjEhyqk6Lnv8A/mzS0Xovzb//AJc0p5N/1W+vQGgzUAUAAAAAAAAAAAAAAAAAAAAAAAAAAAAAAAAAAAAAAAAAAAPEAPE8QA8QAAAAAAAAAADsCMzmDnOqn/5drScJnuzv7e9XrHqpJ0uEknDd3J7e18Vc92vTz0AdIOj/AKa/JufzT8HOOk/pr8m5/NPwQXwCgADR1PUTp8ZnZbNZLp2a9t907Vdh61s7+/ht43KTzc9OGWvCTv58mz1jek6bcwxv1SY6z3W6OX6THXf25354/ig7TrP+jl8Pxje0buzrtfp7c05SeEbsspjLlldJONtBUdJNLu3v3c0lq2LLjcpyyyzynhcrp9vNteLf9V6J0UByoAAAAAAAAeAAeB4AB4HgAAAAAAAAAAAAAAAAAHgeBzOYHgeBzOYAAAAAAAAAAAAAAAAAAAAAAAAAAB2gCl6/buPTXXs3sv8ANNVOv+svn/U6fPTGZ3HPbzv5dZJwt+Cj3NrPb/NNNeV7L4Xt+D2aXiMNpy8ANHI6X+mv+lufzfJzTp/6bn+jnf7/AMoguwFAAGvd2sd3DLDKcMppUDpfSen6K3e1tsn5s7OHt3vXUeq7OEuO1/q7nZjt/V9tQLsdT1t16vLy4f8Aaw+ftfg422mvbqS3pP3/AFXbxlx2J+rn3YcZx5a5ckPLpuo6nKZdTufTLrdrCfT4e/4xL29vHbxmGE0xnZHvm8+3kt64jSaSdsEBk7CAAAAAAAAAAAAAAABSgBSgAAAAAAAAAAAABSgBSgBSgBSgAAAQAIQAIQIBCEIBDuIAdx3AB3AAAAAAAADLAMxG3ulm5LJw83PG8cb8OGnjLOPPVIFzZ0Yc71Hp9w82WM007MrwnLlneGU+y9+qBlhljp5pZrNZq7G8EPe6DHKWbfCc/JnPNhr+OP8Ahsba+X02Z3T2czydT/Ts06fL+e/hFXv+lzHG563b07Mp5sfhcdbp/NNe9eej7U2enmPmmWtuWuN1nFvNpemeMLEQ8/UtjHK7eN82c/hwmv7p8ar9ydV1nDdy/S2/7GF+q+OSXeTsktT9/wBU2Nrhjl+pn2Ybf1X7lbubXV9b/wD0Zfpbf/bw5/G/+s9yXtbOGzj5duTGe5sYbeW3rhrNJ6te1s4bOPk25MZ7mzQGLsAAoABPkAAAAAAAAAAAAAAAAAAAAAAAAAAAAAAAAAAAAQgAQgAAAAAAAFAClACgAAAAAAAAAAAAAAAACv3/AEna38/1JbjbePl9vbmsOQstnM4LMtXT9Nh02H6e3NJ2++tpBLzyAAFDsAAEAKKAAAAAAAAAAAAAAAAAAAAAAAAAAAAAAAAAAAAAAAAAAAAAAAAAAAAAAAAAAAAAAAAACAAoAAAAAAAAAIACgAAAD//Z', 1279976691204672, 1557025248748, 1557025248748, 0);
INSERT INTO attachments (user_id, resource_id, size, width, height, name, mime, id, created_at, updated_at, version) VALUES (1279976691204128, 1279976691204672, 5082, 640, 360, 'img-2', 'image/jpeg', 1279976691204704, 1557025248748, 1557025248748, 0);
INSERT INTO resources (hash, encoding, content, id, created_at, updated_at, version) VALUES ('a1b2369523a030c91bda13dcf872c04b29542589ac2f920a91fee34dfe00a5c4', 'BASE64', '/9j/4QAYRXhpZgAASUkqAAgAAAAAAAAAAAAAAP/sABFEdWNreQABAAQAAAAKAAD/4QMsaHR0cDovL25zLmFkb2JlLmNvbS94YXAvMS4wLwA8P3hwYWNrZXQgYmVnaW49Iu+7vyIgaWQ9Ilc1TTBNcENlaGlIenJlU3pOVGN6a2M5ZCI/PiA8eDp4bXBtZXRhIHhtbG5zOng9ImFkb2JlOm5zOm1ldGEvIiB4OnhtcHRrPSJBZG9iZSBYTVAgQ29yZSA1LjUtYzAxNCA3OS4xNTE0ODEsIDIwMTMvMDMvMTMtMTI6MDk6MTUgICAgICAgICI+IDxyZGY6UkRGIHhtbG5zOnJkZj0iaHR0cDovL3d3dy53My5vcmcvMTk5OS8wMi8yMi1yZGYtc3ludGF4LW5zIyI+IDxyZGY6RGVzY3JpcHRpb24gcmRmOmFib3V0PSIiIHhtbG5zOnhtcD0iaHR0cDovL25zLmFkb2JlLmNvbS94YXAvMS4wLyIgeG1sbnM6eG1wTU09Imh0dHA6Ly9ucy5hZG9iZS5jb20veGFwLzEuMC9tbS8iIHhtbG5zOnN0UmVmPSJodHRwOi8vbnMuYWRvYmUuY29tL3hhcC8xLjAvc1R5cGUvUmVzb3VyY2VSZWYjIiB4bXA6Q3JlYXRvclRvb2w9IkFkb2JlIFBob3Rvc2hvcCBDQyAoTWFjaW50b3NoKSIgeG1wTU06SW5zdGFuY2VJRD0ieG1wLmlpZDpDRDQ2NTJFMjQyMDQxMUU5OTk4RkJCNjMyNTY5RTk2QSIgeG1wTU06RG9jdW1lbnRJRD0ieG1wLmRpZDpDRDQ2NTJFMzQyMDQxMUU5OTk4RkJCNjMyNTY5RTk2QSI+IDx4bXBNTTpEZXJpdmVkRnJvbSBzdFJlZjppbnN0YW5jZUlEPSJ4bXAuaWlkOkNENDY1MkUwNDIwNDExRTk5OThGQkI2MzI1NjlFOTZBIiBzdFJlZjpkb2N1bWVudElEPSJ4bXAuZGlkOkNENDY1MkUxNDIwNDExRTk5OThGQkI2MzI1NjlFOTZBIi8+IDwvcmRmOkRlc2NyaXB0aW9uPiA8L3JkZjpSREY+IDwveDp4bXBtZXRhPiA8P3hwYWNrZXQgZW5kPSJyIj8+/+4ADkFkb2JlAGTAAAAAAf/bAIQAFBAQGRIZJxcXJzImHyYyLiYmJiYuPjU1NTU1PkRBQUFBQUFERERERERERERERERERERERERERERERERERERERAEVGRkgHCAmGBgmNiYgJjZENisrNkREREI1QkRERERERERERERERERERERERERERERERERERERERERERERERERE/8AAEQgBaAKAAwEiAAIRAQMRAf/EAHQAAQADAQEAAAAAAAAAAAAAAAABAwQCBQEBAQEBAQEAAAAAAAAAAAAAAAECBAMFEAEAAgIAAwgDAQEAAAAAAAAAAQIRA1GRBCExQXESUjMU0TITYUIRAQEAAgICAgMAAAAAAAAAAAABEQIhEjEDQVFhMhP/2gAMAwEAAhEDEQA/APYAafSAAAAAAAAAAAAAAAAAAAAAAAAAAAAAAAAAAAAAAAAAAAAAAAAAAAAAAAAAAAAAAAAAAAAAAAAAAAAAAAAAAAAAAAAAAAAAAAAAAAAAAAAAAAAAAAAAAAAAAAAAAAAAAAAAAAAAAAAAAAAAAAAAAAAAAAAAAAAAAAAAAAAAAAAAAAAAAAAAAAAAAAAAAAAAAAAAAAAAAAAAAAAAAAAAAAAAAAAAAAAAAAAAAAAAAAAAAAAAAAAAAAAAAAAAAAAAAAAAAAAAAAAAAAAAAAAAAAAAAAAAAAAAAAAAAAAAAAAAAAAAAAAAAAAAAAAAAAAAAAAAAAAAAAAAAAAAAAAAAAAAAAAAAAAAAAAAAAAAAAAAAAAAAAAAAAAAAAAAAAAAAAAAAAAAAAAAAAAAAAAAAAAAAAAAAAAAAAAAAAAAAAAAAAAAAAAAAAAAAAAAAAAAAAAAAAAAAAAAAAAAAAAAAAAAAAAAAAAAAAAAAAAAAAAAAAAAAAAAAAAAAAAAAAAAAAAAAAAAAAAAAAAAAAAAAAAAAAAAAAAAAAAAAAAAAAAAAAAAAAAAAAAAAAAAAAAAAAAAAAAAAAAAAAAAAAAAAAAAAAAAAAAAAAAAAAAAAAAAAAAAAAAAAAAAAAAAAAAAAAAAAAAAAAAAAAAAAAAAAAAAAAAAAAAAAAAAAAABMW9M55u7a5zivbHgjPbF5Vi6OmvPgi3T3jwVO+v2qFlY9GbT4d3mr7xqXIAKAAAAAAAAAAAAAAAAAAAAAAAAAAAAAAAAAAAAAAAAAAAAAAAAAAAAAAAAAAAAAAAAAAAAAAA71U9dogS3Eyt6fp/X227m+tYrGI7iIxGIZ9Oi2u82m0zlHFtt25y0gIw4vrrsjEvP3aZ1T/jVXReNs7JtOOGVu2nrrMK9NN+t/DywmMTgV2gAAAAAAAAAAAAAAAAAAAAAAAAAAAAAAAAAAAAAAAAAAAAAAAAAAAAAAAAAAAAAAAAAAACEu9VPXaIEtxy4W9Nsprtm8xEY8W/+FMYwzatVY2zWYiYiEeF9k21sXfc0e+vM+5o99ebv+NPbHI/jr9schz8K/uaPfXmfc0e+vNZ/HX7Y5H8dftjkhwr+5o99eZ9zR7683f8AHXH/ADHJzOqntjkpww7Ji1pms5iXDTXVFtk8I8F9tVLRjA6v6TXEeeExjsFewAAAAAAAAAAAAAAAAAAAAAAAAAAAAAAAAAAAAAAAAAAAAAAAAAAAAAAAAAAAAAAAAAAu6b5IUrum+SBnf9a9Jmp89vL8NLLT57eX4Rxa/LUgRM4RlKJthzNuDkEzOUQhMAp1/JZdCjX8ll8De3mPOt3z5oTbvnzQ07Z4ABQAAAAAAAAAAAAAAAAAAAAAAAAAAAAAAAAAAAAAAAAAAAAAAAAAAAAAAAAAAAAAAABd03yQpMzHbE4niJtMzD2GWnz28vwo+9sxj0xnjnsT0kzN5mZzOEck0sltbpthxM5Jco8koAEJhBAKtfyWXQxbL217JtXlxTbq72j01r6Z45V7XS2yq7d8+aAV1zwAAAAAAAAAAAAAAAAAAAAAAAAAAAAAAAAAAAAAAAAAAAAAAAAAAAAAAAAAAAAAAAAAAAAOte2dU+qIzxhyCWZmGyvV6tkxWJ7Z8FrFp/ePNtZce+s1qvZvpqxF5xlNNldkeqk5juU9T3x5O+m/SfMLpOvZZPYpnrNUfrOZ4RErp7pYBfXpNibTacz3yA07JMcAAAAAAAAAAAAAAAAAAAAAAAAAAAAAAAAAAAAAAAAAAAAAAAAAAAAAAAAAAAAAAAAAAAAAACEgO9U4vGeLdMdrzp4Oo37qxiLRj/Y7Uw8PZpdvC7qpj1RHCHXTfrMeOWSI4zmeMpi1qz6qTiRbpevX5b7dkTM8GAtfZs/eezhEYBfXpdfIAr1AAAAAAAAAAAAAAAAAAAAAAAAAAAAAAAAAAAAAAAAAAAAAAAAAAAAAAAAAAAAAAAAAAAAAAAAAAAAAAAAAAAAAAAAAAAAAAAAAAAAAAAAAAAAAAAAAAAAAAAAAAAAAAAAAAAAAAAAAAAAAAAAAAAAAAAAAAAAAAAAAAAAAAAAAAAAAAAAAAAAAAAAAAAAAAAAAAAAAAAAAAAAAAAAAAAAAAAAAAAAAAAAAAAAAAAAAAAAAAAAAAAAAAAAAAAAAAAAAAAAAAAAAAAAAAAAAAAAAAAAAAAAAAAAAAAAAAAAAAAAAAAAAAAAAAAAAAAAAAAAAAAAAAAAAAAAAAAAAAAAAAAAAAAAAAAAAAAAAAAAAAAAAAAAAAAAAAAAAAAAAAAAAAAAAAAAAAAAAAAAAAAAAAAAAAAAAAAAAAAAAAAAAAAAAAAAAAAAAAAAAAAAAAAAAAAAAAAAAAAAAAAAAAAAAAAAAAAAAAAAAAAAAAAAAAAAAAAAAAAAAAAAAAAAAAAAAAAAAAAAAAAAAAAAAAAAAAAAAAAAAAAAAAAAAAAAAAAAAAAAAAAAAAAAAAAAAAAAAAAAAAAAAAAAAAAAAAAAAAAAAAAAAAAAAAAAAAAAAAAAAAAAAAAAAAAAAAAAAAAAAAAAAAAAAAAAAAAAAAAAAAAAAAAAAAAAAAf/Z', 1279976691204736, 1557025248749, 1557025248749, 0);
INSERT INTO attachments (user_id, resource_id, size, width, height, name, mime, id, created_at, updated_at, version) VALUES (1279976691204128, 1279976691204736, 3102, 640, 360, 'img-3', 'image/jpeg', 1279976691204768, 1557025248749, 1557025248749, 0);
INSERT INTO resources (hash, encoding, content, id, created_at, updated_at, version) VALUES ('0f184778fdd4273749c379b248de0413607a81930ecf71521b715cf700fb9c6d', 'BASE64', '/9j/4QAYRXhpZgAASUkqAAgAAAAAAAAAAAAAAP/sABFEdWNreQABAAQAAAAKAAD/4QMsaHR0cDovL25zLmFkb2JlLmNvbS94YXAvMS4wLwA8P3hwYWNrZXQgYmVnaW49Iu+7vyIgaWQ9Ilc1TTBNcENlaGlIenJlU3pOVGN6a2M5ZCI/PiA8eDp4bXBtZXRhIHhtbG5zOng9ImFkb2JlOm5zOm1ldGEvIiB4OnhtcHRrPSJBZG9iZSBYTVAgQ29yZSA1LjUtYzAxNCA3OS4xNTE0ODEsIDIwMTMvMDMvMTMtMTI6MDk6MTUgICAgICAgICI+IDxyZGY6UkRGIHhtbG5zOnJkZj0iaHR0cDovL3d3dy53My5vcmcvMTk5OS8wMi8yMi1yZGYtc3ludGF4LW5zIyI+IDxyZGY6RGVzY3JpcHRpb24gcmRmOmFib3V0PSIiIHhtbG5zOnhtcD0iaHR0cDovL25zLmFkb2JlLmNvbS94YXAvMS4wLyIgeG1sbnM6eG1wTU09Imh0dHA6Ly9ucy5hZG9iZS5jb20veGFwLzEuMC9tbS8iIHhtbG5zOnN0UmVmPSJodHRwOi8vbnMuYWRvYmUuY29tL3hhcC8xLjAvc1R5cGUvUmVzb3VyY2VSZWYjIiB4bXA6Q3JlYXRvclRvb2w9IkFkb2JlIFBob3Rvc2hvcCBDQyAoTWFjaW50b3NoKSIgeG1wTU06SW5zdGFuY2VJRD0ieG1wLmlpZDowRjdGRjEzMzQyMDYxMUU5OTk4RkJCNjMyNTY5RTk2QSIgeG1wTU06RG9jdW1lbnRJRD0ieG1wLmRpZDowRjdGRjEzNDQyMDYxMUU5OTk4RkJCNjMyNTY5RTk2QSI+IDx4bXBNTTpEZXJpdmVkRnJvbSBzdFJlZjppbnN0YW5jZUlEPSJ4bXAuaWlkOjBGN0ZGMTMxNDIwNjExRTk5OThGQkI2MzI1NjlFOTZBIiBzdFJlZjpkb2N1bWVudElEPSJ4bXAuZGlkOjBGN0ZGMTMyNDIwNjExRTk5OThGQkI2MzI1NjlFOTZBIi8+IDwvcmRmOkRlc2NyaXB0aW9uPiA8L3JkZjpSREY+IDwveDp4bXBtZXRhPiA8P3hwYWNrZXQgZW5kPSJyIj8+/+4ADkFkb2JlAGTAAAAAAf/bAIQAFBAQGRIZJxcXJzImHyYyLiYmJiYuPjU1NTU1PkRBQUFBQUFERERERERERERERERERERERERERERERERERERERAEVGRkgHCAmGBgmNiYgJjZENisrNkREREI1QkRERERERERERERERERERERERERERERERERERERERERERERERERE/8AAEQgBaAKAAwEiAAIRAQMRAf/EAIoAAQACAwEAAAAAAAAAAAAAAAAEBQEDBgIBAQADAQEBAAAAAAAAAAAAAAABAgMEBQYQAQACAQIEBAMGBgIDAAAAAAABAgMRBCExEgVBUSITYXEy8IGRobFC0VJyIzMUwZIVBhYRAQACAgICAQMEAwAAAAAAAAABAhEDIRIxBEFRIhPwYcFC0TIj/9oADAMBAAIRAxEAPwC4AVYAAAAAAAAAAAAAAAAAAAAAAAAAAAAAAAAAAAAAAAAAAAAAAAAAAAAAAAAAAAAAAAAAAAAAAAAAAAAAAAAAAAAAAAAAAAAAAAAAAAAAAAAAAAAAAAAAAAAAAAAAAAAAAAAAAAAAAAAAAAAAAAAAAAAAAAAAAAAAAAAAAAAAAAAAAAAAAAAAAAAAAAAAAAAAAAAAAAAAAAAAAAAAAAAAAAAAAAAAAAAAAAAAAAAAAAAAAAAAAAAAAAAAAAAAAAAAAAAAAAAAAAAAAAAAAAAAAAAAAAAAAAAAAAAAAAAAAAAAAAAAAAAAAAAAAAAAAAAAAAAAAAAAAAAAAAAAAAAAAAAAAAAAAAAAAAAAAAAAAAAAAAAAAAAAAAAAAAAAAAAAAAAAAAAAAAAAAAAAAAAAAAAAAAAAAAAAAAAAAAAAAAAAAAAAAAAAAAAAAAAAAAAAAAAAAAAAAAAAAAAAAAAAAAAAAAAAAAAAAAAAAAAAAAAAAAAAAAAAAAAAAAAAAAAAAAAAAAAAAAAAAAAAAAAAAAAAAAAAAAAAAAAAAAAAAAAAAAAAAAAAAAAAAAAAAAAAAAAAAAAAAAAAAAAAAAAAAAAAAAAAAAAAAAAAAAAAAAAAAAAAAAAAAAAAAAAAAAAAAAAAAAAAAAAAAAAAAAAAAAAAAAAAAAAAAAAAAAAAAAAAAAAAAAAAAAAAAAAAAAAAAAAAAAAAAAAAAAAAAAAAAAAAAAAAAAAAAAAAAAAAAAAAAAAAAAAAAAAAAAAAAAAAAAAAAAAAAAAAAAAAAAAAAAAAAAAAAAAAAAAAAAAAAAAAAAAAAAAAAAAAAAAAAAAAAAAAAAAAAAAAAAAAAAAAAAAAAAAAAAAAAAAAAAAAAAAAAAAAAAAAAAAAAAAAAAAAAAAAAAAAAAAAAAAAAAAAAAAAAAAAAAAAAAAAAAAAAAAAAAAAAAAAAAAAAAAAAAAAAAAAAAAAAAAAAAAAAAAAAAAAAAAAAAAAAAAAAAAAAAAAAAAAAAAAAAAAAAAAAAAAAAAAAAAAAAAAAAAAAAAAAAAAAAAAAAAAAAAAAAAAAAAAAAAAAAAAAAAAAAAAAAAAAAAAAAAAAAAAAAAAAAAAAAAAAAAAAAAAAAAAAAAAAAAAAAAAAAAAAAAAAAAAAAAAAAAAAAAAAAAAAAAAAAAAAAAAAAAAAAAAAAAAAAAAAAAAAAAAAAAAAAAAAAAAAAAAAAAAAAAAAAAAAAAAAAAAAAAAAAAAAAAAAAAAAAAAAAAAAAAAAAMXvFIm1p0iBOM8Mivnu2OJ0iszHmm4stcteuk6xKZiY8tb6dmuO164iXsBDEAAAAAAAAAAAAAAAAAAAAAAAAAAAAAAAAAAAAAAAAAAAAAAAAAAAAAAAAAAAAAABB3ncIwz0UjW3j8ExEz4aa9dtlutIzKcK7ab7Jmv0TXq/p5wsSYmPKdmq2qet/IAhkAAAATOjRXeYbW6ItGrbTd7fHlnHuNNJrrx5OczTSb2nH9Gs9PyXrXPl6Hrep+WJ75rxmsulbdjucNr5MdpiLV/m8ldhy5ce39zLWdYj0zMfV5KO0zadZ4zPFNa+VtHqd5vFp/14iYb957fv39r6Oqel72Oe2HJpGs1n6oj9UV0v/rnt+1fT/J1cfl4NLcQ9P2JimmYtHaPD2Nm6mlM3RE8Zjq0a3O+bmJjyACAAAAAAAAAAAAAAAAAAAAAAAAAAAAAAAAAAAAAAAAAAAAAAAAAAAAAAAAAAAAHnJ7nTPtVm19OEQ5vJS9LTXJExbx15uv7Xlx5q3tSdZiemVD3zNTNuf7fHpiKzPxa044ev6MzS065r58z9GOz7zFtslve+m0aa+Sdi3tdxltFPp/b8fNz6Vsa5LZI9qNbRxWtXPLp9r1q2i23+2F8Hzb9vrrM1jW0RwYPAaBti2XLGu4p0erSJ84es05otFIxx7fHqn+UThoZrWbTERzlhjFvsO3zdOWdPTrEkRlNKTecVjKl7ptr7fPMZJi029UTHkj222WtPcmlop/NMcErfb6u63MZtPRWYiInxiJ/5X+77ngnbWvjtW0zGkV+fwdGZiIe9O3Zrrqr0zM8SlbLLO4xVzTHTrHJyPcYrG5yRTl1TyWv/wBBFcEUpWfdiOnX9sfFQTMzOs8ZlFYxKvq6bUte9o6x4iHvFivltFMcTa0+EPdb5tnk9OtLxzS+z7ym0zTbJ9No6dfJju+7x7rP14vpiIrr5rfOPh0za07PxTT/AJ48o9cufcZovEzbLMxo6K1LY56b8/HRzODLbDkrkp9VZ1hdbfuV97knriI0jhopeHD72qZiLViOtISgGLxQAAAAAAAAAAAAAAAAAAAAAAAAAAAAAAAAAAAAAAAAAAAAAAAAAAAAAAAAAB5z7XJuMN/anSY/P4PSJXcbrNnvtMFois85mOUacVqxy6NFJtbtGI6fdOVJXJan0zMa89J0WPZNlTdZp9yNa0jXTzmUffduy7G0RfSaz9Noe+27rJsrzmrWbY/pv5fi3nmOHv7J76rW0zzbxK67z2/D7E5aVitqeXDgruwZKxntjt++ukfcdy7zO8p7WOs1rztrzlVUm1bRNNeqOMaKxE4xLHVpvOi2vbxM+P2dZuMfRLVFprOscJU+bu2fcVit9I6eOsRpM6Lenr008dPzZWjDx92m2qY7fKXk1vniJ5cGnJlveZiZnTXkmzj/AL9beEQrrc5+arGWELLsYz7mlr/454W+7+KaJicLa9ltU9qecYVve9rhwXrXBXSdPVEcvgq4pPHhP4O6vaa9No0ikcbzPlp4FZ9ydY0nHMcNOerSLvRp7k1pFJjMx85UPZO24c9Jy5o6p16YrPgr+7bfHt9zamL6dInTy+DrK44pk0rw1jih5+2bLriMkaXvM6eqdZki3OTX7WNk7L56z/VyJETadIjWZ8IdZfsmypHVaNI85s34O2bfaWjJjiYty1181u8Oqfepj7YnKn7Jmwbabxn9OXWIjq/Rp3N7bDd3maxpf1aRPhK17vtYtivkxVjriNb3nnpHk5e2Sb21vM2n4z4Ec8q6qxvm2yfFoxav+HSUvGSsWrxiXppnfbW1qY9vGkTHLTTSfJuYzGHjbKTScTEx9MgCGQAAAAAAAAAAAAAAAAAAAAAAAAAAAAAAAAAAAAAAAAAAAAAAAAAAAAAAAA0UmdruP9msTato6bxHP5w3sxE2nSOMpicNKXmk8fPEwjdy3f8A5KsYNrWbTX12mY0/Vo2vcse32l9tkrPX6o0056+fydLjw1rWImI10YnbYpnWaVmf6YXz8O2u+vWNc0+2Jz55y4KIlc9jyVxXtHDrtEdM/q6WNvijlSv/AFh7ila8oiEzbLXb7c7KzTriJc9v9pbcZazSOM/XOn24rTa7WaR1TwmI9MSnMqOK1ptERPivhBjPn4zetYrHjE6oSXvM3VPRXlHP5oissLDzkiZjSvN6BV6xb+2Ont5adURwbKdzx446a0mI+5pDK3aW/Dv/AHc8cNInhzT8lIn+5MazWJmvDkocmK2vVVIp3HPjjS0RPzhOVot9UzbWjfYZjPWJjVM6OGk8dFVXus1jSKR+LzbuuWfpiI/MyntCHuN5utzTNhx01rEz1W+Hl9vB6wZdj/o9N+nq6Z1j93V8EradWT3YtEz1xrMR6dZ5c2Y7HtJtpEW0059f5NImHdTdrmvWYmkROY6/yrdjtLYNvO/i0dVYtpWY1jy4/FPpMzWJnnMQ3bjYYcNa9NeXD7fH4tSlpy5vY2/knP6x9ABVygAAAAAAAAAAAAAAAAAAAAAAAAAAAAAAAAAAAAAAAAAAAAAAAAAAAAAAANWXLNJ0hO2m+w6RW3pt+U/eizWLcJa5wVnlwExOF/ExMaxxhlz9KZMf0WmG339zH7/t+Ccr9l2KSNzuo/dH5E7ncz+6I+RlPaF1a0VjWZ0hWbnuUR6cXHzt/BCvTJk43tr8yNvHjJlWbNtbRaNYZYrEVjSGUKAAAAAAGgAMRN6W66Tx5aTye6bjJjnWlKRM+UPIJyxlvlzzE5JiIjlEMgAAIAAAAAAAAAAAAAAAAAAAAAAAAAAAAAAAAAAAAAAAAAAAAAAAAAAAAAAAAAAAAAAAAAAAAAAAAAAAAAAAAAAAAAAAAAAAAAAAAAAAAAAAAAAAAAAAAAAAAAAAAAAAAAAAAAAAAAAAAAAAAAAAAAAAAAAAAAAAAAAAAAAAAAAf/9k=', 1279976691204800, 1557025248749, 1557025248749, 0);
INSERT INTO attachments (user_id, resource_id, size, width, height, name, mime, id, created_at, updated_at, version) VALUES (1279976691204128, 1279976691204800, 4338, 640, 360, 'img-4', 'image/jpeg', 1279976691204832, 1557025248749, 1557025248749, 0);
INSERT INTO resources (hash, encoding, content, id, created_at, updated_at, version) VALUES ('74320ce02334225a6b65279fe6714f2b12b65dfb5650de0102b2428288176119', 'BASE64', '/9j/4QAYRXhpZgAASUkqAAgAAAAAAAAAAAAAAP/sABFEdWNreQABAAQAAAAKAAD/4QMsaHR0cDovL25zLmFkb2JlLmNvbS94YXAvMS4wLwA8P3hwYWNrZXQgYmVnaW49Iu+7vyIgaWQ9Ilc1TTBNcENlaGlIenJlU3pOVGN6a2M5ZCI/PiA8eDp4bXBtZXRhIHhtbG5zOng9ImFkb2JlOm5zOm1ldGEvIiB4OnhtcHRrPSJBZG9iZSBYTVAgQ29yZSA1LjUtYzAxNCA3OS4xNTE0ODEsIDIwMTMvMDMvMTMtMTI6MDk6MTUgICAgICAgICI+IDxyZGY6UkRGIHhtbG5zOnJkZj0iaHR0cDovL3d3dy53My5vcmcvMTk5OS8wMi8yMi1yZGYtc3ludGF4LW5zIyI+IDxyZGY6RGVzY3JpcHRpb24gcmRmOmFib3V0PSIiIHhtbG5zOnhtcD0iaHR0cDovL25zLmFkb2JlLmNvbS94YXAvMS4wLyIgeG1sbnM6eG1wTU09Imh0dHA6Ly9ucy5hZG9iZS5jb20veGFwLzEuMC9tbS8iIHhtbG5zOnN0UmVmPSJodHRwOi8vbnMuYWRvYmUuY29tL3hhcC8xLjAvc1R5cGUvUmVzb3VyY2VSZWYjIiB4bXA6Q3JlYXRvclRvb2w9IkFkb2JlIFBob3Rvc2hvcCBDQyAoTWFjaW50b3NoKSIgeG1wTU06SW5zdGFuY2VJRD0ieG1wLmlpZDpCODQ5NDA2MjQyMDUxMUU5OTk4RkJCNjMyNTY5RTk2QSIgeG1wTU06RG9jdW1lbnRJRD0ieG1wLmRpZDpCODQ5NDA2MzQyMDUxMUU5OTk4RkJCNjMyNTY5RTk2QSI+IDx4bXBNTTpEZXJpdmVkRnJvbSBzdFJlZjppbnN0YW5jZUlEPSJ4bXAuaWlkOkI4NDk0MDYwNDIwNTExRTk5OThGQkI2MzI1NjlFOTZBIiBzdFJlZjpkb2N1bWVudElEPSJ4bXAuZGlkOkI4NDk0MDYxNDIwNTExRTk5OThGQkI2MzI1NjlFOTZBIi8+IDwvcmRmOkRlc2NyaXB0aW9uPiA8L3JkZjpSREY+IDwveDp4bXBtZXRhPiA8P3hwYWNrZXQgZW5kPSJyIj8+/+4ADkFkb2JlAGTAAAAAAf/bAIQAFBAQGRIZJxcXJzImHyYyLiYmJiYuPjU1NTU1PkRBQUFBQUFERERERERERERERERERERERERERERERERERERERAEVGRkgHCAmGBgmNiYgJjZENisrNkREREI1QkRERERERERERERERERERERERERERERERERERERERERERERERERE/8AAEQgBaAKAAwEiAAIRAQMRAf/EAHkAAQACAwEAAAAAAAAAAAAAAAADBAECBQYBAQEBAQAAAAAAAAAAAAAAAAACAQMQAQACAQIEAwYFBAEFAAAAAAABAgMRMSFBEgRRYdFxgZEiMlLwoUITBbHB4RTSYnIjM0MRAQEBAQEBAAAAAAAAAAAAAAABEQJRMf/aAAwDAQACEQMRAD8A7ADq4gAAAAAAAAAAAAAAAAAAAAAAAAAAAAAAAAAAAAAAAAAAAAAAAAAAAAAAAAAAAAAAAAAAAAAAAAAAAAAAAAAAAAAAAAAAAAAAAAAAAAAAAAAAAAAAAAAAAAAAAAAAAAAAAAAAAAAAAAAAAAAAAAAAAAAAAAAAAAAAAAAAAAAAAAAAAAAAAAAAAAAAAAAAAAAAAAAAAAAAAAAAAAAAAAAAAAAAAAAAAAAAAAAAAAAAAAAAAAAAAAAAAAAAAAAAAAAAAAAAAAAAAAAAAAAAAAAAAAAAAAAAAAAAAAAAAAAAAAAAAAAAAAAAAAAAAAAAAAAAAAAAAAAAAAAAAAAAAAAAAAAAAAAAAAAAAAAAAAAAAAAAAAAAAAAAAAAAAAAAAAAAAAAAAAAAAAAAAAAAAAAAAAAAAAAAAAAAAAAAAAAAAAAAAAAAAAAAAAAAAAAAAAAAAAAAAAAAAAAAAAAAAAAAAAAAAAAAAAAAAAAAAAAAAAAAAAAAAAAAAAAAAAAAAAAAAAAAAAAAAAAAAAAAAAAAAAAAAAAAAAAAAAAAAAAAAAAAAAAAAAAAAAAAAAAAAAAAAAAAAAAAAAAAAAAAAAAAAAAAAAAAAAAAAAAAAAAAAAAAAAAAAAAAAAAAAAAAAAAAAAAAAAAAAAAAAAAAAAAAAAAAAAAAAAAAAAAAAAAAAAAAAAAAAAAAAAAAAAAAAAAAAAAAAAAAAAAAAAAAAAAAAAAAAAAAAAAAAAAAAAAAAAAAAAAAAAAAAAAAAAAAAAAAAAAAAAAAAAAAAAAAAAAAAAAAAAAAAAAAAAAAAAAAAAAAAAAAAAAAAAAAAAAAAAAAAAAAAAAAAAAAAAAAAAAAAAAAAAAAAAAAAAAAAAAAAAAAAAAAAAAAAAAAAAAAAAAAAAAAAAAAAAAAAAAAAAAAAAAAAAAAAAAAAAAAAAAAAAAAAAAAAAAAAAAAAAAAAAAAAAAAAAAAAAAAAAAAAAAAAAAAAAAAAAAAAAAAAAAAAAAAAAAAAAAAAAAAAAAAAAAAAAAAAAAAAAAAAAAAAAAAAAAAAAAAAAAAAAAAAAAAAAAAAAAAAAAAAAAAAAAAAAAAAAAAAAAAAAAAAAAAAAAAAAAAAAAAAAAAAAAAAAAAAAAAAAAAAAAAAAAAAAAAAAAAAAAAAAAAAAAAAAAAAAAAAAAAAAAA3x47ZJ0ruzjwze0VmJ6ZmeMbcPNmtxGl/wBfJx4cYjWPP3+qzHZ14RbWdJjTlPv8U2TNSs9MfNb7a8Z/x703pU59R/6tZpFZ4eOnP3+jl2yaW/brW1sn2RHH38ojzdfoyZPrnoj7a7/H0+KSlK446axoyVVkcz/U7itYvMRM86Ry9k8/yRRbX2xvE8nb0mVHvsP/ANq8vq84/wAf0bKm8+KYC0AAAAAAAAAAAAAAAAAAAAAAAAAAAAAAAAAAAAAAAAAAAAAAAAAAAAAAAAAAAAAAAAAAAEVte3RTTXTqmZ5R+OTAnhxlZwYK5MfXvM/Tx0hJh7HFpF5n9yd4mfp90bf1T/v1i0468bR+nx9nJNq5z607Xt/2tdbazPlpo3vmrS3TGtrfbX8cPex+3fJxvPTE/pp/y9NElKVxx00jSPCErR9GTL9c9MfbXf329PikpSuOOmkaR5N+MkRoBxk00ZY1BliZNNdwHI7jBPbTMxGuLxj9PlPl4S0iYmNY2dqY1c/P/H6TN8HCedJ+mfSVSovPiqNYtrM1mJraN6zu2WgAAAAAAAAAAAAAAAAAAAAAAAAAAAAAAAAAAAAAAAAAAAAAAAAAAAAAAAAAAAAAAAAX+xxdNOufqvx93L8ebk581YpaI4zpL0FLdVYtHONUdL5Q2xTSevFwmd68p9J8/iY8HXj0yRxtM2nyn2+SwJWr47Wrb9q868628Y9YTxGiPNj668OFo41nz/G7OLJGSvVt4x4SCRiZ0NzQDdjbZsA1teKRrM6HUq0pW2S3XxvG2v28tPxulzWmtJtExExGoJxrSeqsTtrDYEHcdrTuI+beNrRvDl5sd+2/9nGvK8f38P6O2xMRMaS2XGWa4osZ+wnH83b7c8c7e7w/oq1vFtY2mN4neFy652Y2AawAAAAAAAAAAAAAAAAAAAAAAAAAAAAAAAAAAAAAAAAAAAAAAAAAAAAAAAAABFly9HCN1e1ptvKXLinXqjigYExrweh7C/X2+Of+mHnlnte+ydrHRp1UjltMeyfX4ssVzcehFbt+9xdx9E/NzrPC3wWUOggvitWZyY9/1Vna3pPn8U4CPHmrkjhvG8TvCRDlw9c9VZ6bxtb+0+MGLNrPReOm/h4+cfjgCYAGmTFXJ9Ua6bI/9am86zp91plOAAAAAKH8jirpXJ+qLRGvlPJfc/v81bTGKJ1tE9VvLhzbGX4qAOjkAAAAAAAAAAAAAAAAAAAAAAAAAAAAAAAAAAAAAAAAAAAAAAAAAAAAAAAAAAIcmHXjXdMAoTw3F6axbeNUVu3ifpnRgqzETx5xtPNdwfyeXFwyf+Svwt6T+StbFau8NDGy49H2/d4u4jXHbWY3jnHthO8ppxi0cJjaY4TC/wBv/KZcXDNHXX7o+r0n8k2LnTuI8mKuSNLe6ecT5NcHc4+4jqx2ifHxj2wmSpXjJbFMUy7T9N/H2+E/lP5LDFqxaNLRrE8lf5u38bY/jNfWPzjzBZGK2i0axOsSyAAAxro0y5a4qze86RDlZ89+54T8uP7ec/8Ad6fFsmstxN3HfTk+TBOleeT/AI+u3hqrVrFY0hkXJjnboA1gAAAAAAAAAAAAAAAAAAAAAAAAAAAAAAAAAAAAAAAAAAAAAAAAAAAAAAAAAAAAAA1tjrbeGwCvbt5/TKK1ZrvC6MHP2t1VmYtG1o4S6GD+WyY/lzx1R99d/fHp8EdsNbeSG2C0bcSxsuPQYc+PPXqx2i0eSR5aItS3VWZrfxjhP+fe6OD+XtT5e4jWPvp/ePRFi506M47Ypm2Lad6ePs8J/KfzS48lcka19/l7WMWWmavXjmLRPOGnCM/DnXj7pYpOrdz3de3jTe8/TWN5Qdz3+kzjw8bc7cq/jwUq10mZmdbTvad5VIm9M2m2W37mWdbco5V9nqyC3MAAAAAAAAAAAAAAAAAAAAAAAAAAAAAAAAAAAAAAAAAAAAAAAAAAAAAAAAAAAAAAAAAAAAAAABiaxbhPFFbt4nbgmAVaYcmO3Vjnot91f7xzWb5c+WYi0xXh0zavP0ZGY3WK1isaVjSGQawAAAAAAAAAAAAAAAAAAAAAAAAAAAAAAAAAAAAAAAAAAAAAAAAAAAAAAAAAAAAAAAAAAAAAAAAAAAAAAAAAAAAAAAAAAAAAAAAAAAAAAAAAAAAAAAAAAAAAAAAAAAAAAAAAAAAAAAAAAAAAAAAAAAAAAAAAAAAAAAAAAAAAAAAAB//Z', 1279976691204864, 1557025248749, 1557025248749, 0);
INSERT INTO attachments (user_id, resource_id, size, width, height, name, mime, id, created_at, updated_at, version) VALUES (1279976691204128, 1279976691204864, 3726, 640, 360, 'img-5', 'image/jpeg', 1279976691204896, 1557025248750, 1557025248750, 0);
INSERT INTO resources (hash, encoding, content, id, created_at, updated_at, version) VALUES ('ee0de76026f84c9c54b070530fc0f19134b4e2381f3af1a11b1af1e6565bab1b', 'BASE64', '/9j/4QAYRXhpZgAASUkqAAgAAAAAAAAAAAAAAP/sABFEdWNreQABAAQAAAAKAAD/4QMsaHR0cDovL25zLmFkb2JlLmNvbS94YXAvMS4wLwA8P3hwYWNrZXQgYmVnaW49Iu+7vyIgaWQ9Ilc1TTBNcENlaGlIenJlU3pOVGN6a2M5ZCI/PiA8eDp4bXBtZXRhIHhtbG5zOng9ImFkb2JlOm5zOm1ldGEvIiB4OnhtcHRrPSJBZG9iZSBYTVAgQ29yZSA1LjUtYzAxNCA3OS4xNTE0ODEsIDIwMTMvMDMvMTMtMTI6MDk6MTUgICAgICAgICI+IDxyZGY6UkRGIHhtbG5zOnJkZj0iaHR0cDovL3d3dy53My5vcmcvMTk5OS8wMi8yMi1yZGYtc3ludGF4LW5zIyI+IDxyZGY6RGVzY3JpcHRpb24gcmRmOmFib3V0PSIiIHhtbG5zOnhtcD0iaHR0cDovL25zLmFkb2JlLmNvbS94YXAvMS4wLyIgeG1sbnM6eG1wTU09Imh0dHA6Ly9ucy5hZG9iZS5jb20veGFwLzEuMC9tbS8iIHhtbG5zOnN0UmVmPSJodHRwOi8vbnMuYWRvYmUuY29tL3hhcC8xLjAvc1R5cGUvUmVzb3VyY2VSZWYjIiB4bXA6Q3JlYXRvclRvb2w9IkFkb2JlIFBob3Rvc2hvcCBDQyAoTWFjaW50b3NoKSIgeG1wTU06SW5zdGFuY2VJRD0ieG1wLmlpZDpDRDQ2NTJFNjQyMDQxMUU5OTk4RkJCNjMyNTY5RTk2QSIgeG1wTU06RG9jdW1lbnRJRD0ieG1wLmRpZDpDRDQ2NTJFNzQyMDQxMUU5OTk4RkJCNjMyNTY5RTk2QSI+IDx4bXBNTTpEZXJpdmVkRnJvbSBzdFJlZjppbnN0YW5jZUlEPSJ4bXAuaWlkOkNENDY1MkU0NDIwNDExRTk5OThGQkI2MzI1NjlFOTZBIiBzdFJlZjpkb2N1bWVudElEPSJ4bXAuZGlkOkNENDY1MkU1NDIwNDExRTk5OThGQkI2MzI1NjlFOTZBIi8+IDwvcmRmOkRlc2NyaXB0aW9uPiA8L3JkZjpSREY+IDwveDp4bXBtZXRhPiA8P3hwYWNrZXQgZW5kPSJyIj8+/+4ADkFkb2JlAGTAAAAAAf/bAIQAFBAQGRIZJxcXJzImHyYyLiYmJiYuPjU1NTU1PkRBQUFBQUFERERERERERERERERERERERERERERERERERERERAEVGRkgHCAmGBgmNiYgJjZENisrNkREREI1QkRERERERERERERERERERERERERERERERERERERERERERERERERE/8AAEQgBaAKAAwEiAAIRAQMRAf/EAIgAAQACAwEAAAAAAAAAAAAAAAAEBQECAwYBAQADAQEAAAAAAAAAAAAAAAACAwQBBRABAAIBAwIEBQEHBQAAAAAAAAECAxESBCExQVETBWFxkSIyUoGhscFCYhXR4TMUBhEBAAICAQIGAgEFAAAAAAAAAAECEQMSITFBUWEiMhORBHGx0eFScv/aAAwDAQACEQMRAD8A9CAwtgAAAAAAAAAAAAAAAAAAAAAAAAAAAAAAAAAAAAAAAAAAAAAAAAAAAAAAAAAAAAAAAAAAAAAAAAAAAAAAAAAAAAAAAAAAAAAAAAAAAAAAAAAAAAAAAAAAAAAAAAAAAAAAAAAAAAAAAAAAAAAAAAAAAAAAAAAAAAAAAAAAAAAAAAAAAAAAAAAAAAAAAAAAAAAAAAAAAAAAAAAAAAAAAAAAAAAAAAAAAAAAAAAAAAAAAAAAAAAAAAAAAAAAAAAAAAAAAAAAAAAAAAAAAAAAAAAAAAAAAAAAAAAAAAAAAAAAAAAAAAAAAAAAAAAAAAAAAAAAAAAAAAAAAAAAAAAAAAAAAAAAAAAAAAAAAAAAAAAAAAAAAAAAAAAAAAAAAAAAAAAAAAAAAAAAAAAAAAAAAAAAAAAAAAAAAAAAAAAAAAAAAAAAAAAAAAAAAAAAAAAAAAAAAAAAAAAAAAAAAAAAAAAAAAAAAAAAAAAAAAAAAAAAAAAAAAAAAAAAAAAAAAAAAAAAAAAAAAAAAAAAAAAAAAAAAAAAAAAAAAAAAAAAAAAAAAAAAAAAAAAAAAAAAAAAAAAAAAAAAAAAAAAAAAAAAAAAAAAAAAAAAAAAAAAAAAAAAAAAAAAAAAAAAAAAAAAAAAAAAAAAAAAAAAAAAAAAAAAAAAAAAAAAAAAAAAAAAAAAAAAAAAAAAAAAAAAAAAAAAAAAAAAAAAAAAAAAAAAAAAAAAAAAAAAAAAAAAAAAAAAAAAAAAAAAAAAAAAAAAAAAAAAAAAAAAAAAAAAAAAAAAAAAAAAAAAAAAAAAAAAAAAAAAAAAAAAAAAAAAAAAAAAAAAAAAAAAAAAAAAAAAAAAAAAAAAAAAAAAAAAAAAAAAAAAAAAAAAAAAAAAAAAAAAAAAAAAAAAAAAAAAAAAAAAAAAAAAAAAAAAAAAAAAAAAAAAAAAAAAAAAAAAAAAAAAAAAAAAAAAAAAAAAAAAAAAAAAAAAAAAAAAAAAAAAAAAAAAAAAAAAAAAAAAAAAAAAAAAAAAAAAAAAAAAAAAAAAAAAAAAAAAAAAAAAAAAAAAAAAAAAAAAAAAAAAAAAAAj5+XTDO2dZt5Q25Ob0qax+U9KotqVpWIjreetrI2nC2lYnrbszPuUV70tCRh5mLN0rPXylXRlreZqiZ8Xp21jsri8tP00t0+MvRikwe45MXS33V/es8XOw5e1tJ8pWRaJZ76b08Mx5wkBSYvMViYnV3vx9I1iU4rMxmGeZiJxLgA4kAAAAAAAAAAAAAAAAAAAAAAAAAAAAAAAAAAAAAAAAAAAAAAAAAAAAAAAAAAAAAAAAAAAyDBMjG2bzpCF7TWuYjM+ECr5eXJlzenhrN5r5N49r5l41vemOPqn0tnvE0xaY6xPXJPWZ+Ufzlv8A4vDm65ptln+60/wjos164vWLzGZt1WTv44rGK49Mz/ZV/wCDyd6ZqTPy/wB0bmcXlYK7s1daR/VWdY/avZ9l4desY+vwmf8AVFnBM78PGy6TEaWx3tviNfOJ6wsnTHl+Ha/tzmM2z/1GP6Kbj4LZ9Zp4NL45rbb4wsPaONfj5L4MsaTrCzrirS0zpG7XuwRFvsmk9mq37HG0xHWPBV8Hh5q3rl/HTr1X1s+saRHdxYaq5rGI8WLZb7LcreHYAEQAAAAAAAAAAAAAAAAAAAAAAAAAAAAAAAAAAAAAAAAAAAAAAAAAAAAAAAAAAAAAAAAAGL22Vm0+Cp5HLyY5id07vLwW1qxaJie0qLmxMXiLR90d/irvlp/XiJtiVhHuMTFZ2zpPSfmk3yWrbSI7wqa0mcdZ0/Cd1o8dPNdxbdEWjtKOPsjjlHbWtfjHmZ75cfDtfDGuWI+2J81f/wCY9x5HMw5LcqddltIv2+f0WODnUm3pX6ddIme0psUrWNsRER5Q9DXNZrEU8OjzrZz1Q8XueHPkjDXWJtE7Z81X7Z7Ry8XOvy+VbdP4xaJj7q6aR00S+Pw+Nxs3qY4vN46VrMW0r8un8VnfLFK7rTER8Uq5x7k9kVzH1xOPVF5NJnSY8JccMWiPv7k82mS8UrrMT2t4OjHeK22Tsr18FtMxSIly5Gb0KTeY10Rb+5RSmtq/f5NudFssen2rGkzaeyr5Vt2RVa3XENunXW0Ry791vxuVOWYi0R1jpolK/hYtNunWK9Zn4rBOucdVGyIi2KgCSsAAAAAAAAAAAAAAAAAAAAAAAAAAAAAAAAAAAAAAAAAAAAAAAAAAAAAAAAAAAAAAAAcORx4zRE/1R1iXccmMuxMxOYRMfHtuiZ6RHb4a94+SdSms6T4NdNejrWtotp4Oa6cbZxM1nuhtvOPV5/NMUnZljxnX4O9c2TTZW9tvwlb8n2/HyY++Pu/VHdUZsMcfJNNdZrEfRXt1W1daz7fR2NkTSta8omuZtiM9/L8sY+TyMesVyTMT+rro0yX3xM5bTf5ouSta1mYt38Fnwfa4y4t1rRtt+lCsX2RxiZldPGNf2TPe0dePGcZhy4URkvXZHSJ/dC3vTrpDbFx6ceNtI0hmcdZnWW6NFq040xNpnLFbbHObRmK9UPPi9TTbPbxlFjgxktuydo+Osz85WNo2zo1Zo1xE9e7VXZaI9ssViKxpWNIZZYWIgAAAAAAAAAAAAAAAAAAAAAAAAAAAAAAAAAAAAAAAAAAAAAAAAAAAAAAAAAAAAAAAAAAAN6fklY48UWnSyXj7NWr4z/LNt+UN3nefes5smvaNKz9F7n5GPj1nJlttrDyuTnYs02m2sRa0+DP+18YiPNdopac3itrRH+vdvhpjmN0R9W/F92/62SaxE2x/2umbgVngzmprExrb5w7+3YsN8FaxEbvNRr12raLz49vRqrFONtmybbIzxxbvX/K043Lxcym7FPbvHjDZT8KPT50Vp2mJ3Lme709dsx1YP2Nca7e3tMZhxy93N0yz1c2S/wApW0+MACCYAAAAAAAAAAAAAAAAAAAAAAAAAAAAAAAAAAAAAAAAAAAAAAAAAAAAAAAAAAAAAAAAAAADKTjv4oraltsrdd+M9e0q9leUdO8K73WYyc3HTJ/x1jdp56t+bw8XpzasRpKTzeFHLitqzpev4z/KUX/H8jN9uW9a08dvVK1J5TMRnLRr21409/Dh0mE72ufU4lYtGsaTX9kdES3s+XHMxx8kRSfC0dvlK1w1phpGOnStY0htOTyW8MxiWX75re1qdrTnCHw+DXia2md2S3eyRM+JM+bje+vSHbTGuPVV7ttuVurWZ1nVgGLu1gAAAAAAAAAAAAAAAAAAAAAAAAAAAAAAAAAAAAAAAAAAAAAAAAAAAAAAAAAAAAAAAAAAAAAAAMxaY7OkZfNyEq3tXtKE0ie7t6sMTl8nIT+2yP1VbWtNu7DArmc91kRjsAOOgAAAAAAAAAAAAAAAAAAAAAAAAAAAAAAAAAAAAAAAAAAAAAAAAAAAAAAAAAAAAAAAAAAAAAAAAAAAAAAAAAAAAAAAAAAAAAAAAAAAAAAAAAAAAAAAAAAAAAAAAAAAAAAAAAAAAAAAAAAAAAAAAAAAAAAAAAAAAAAAAAAAAAAAAAAAAAAAAAAAAAAAAAAAAAAAAAAAAAAAAAAAAAAAAAAAAAAAAAAAAAAAAAAAAAAAAAAAAAAAAAAAAAAAAAAAAAAAAAAAAAAAAAAAAAAAAAP/2Q==', 1279976691204928, 1557025248750, 1557025248750, 0);
INSERT INTO attachments (user_id, resource_id, size, width, height, name, mime, id, created_at, updated_at, version) VALUES (1279976691204128, 1279976691204928, 3933, 640, 360, 'img-6', 'image/jpeg', 1279976691204960, 1557025248750, 1557025248750, 0);
INSERT INTO resources (hash, encoding, content, id, created_at, updated_at, version) VALUES ('a6a5439c996ea2fefbc3055398e25eb290dbf49a5e8727369e5d504e69be1e38', 'BASE64', '/9j/4QAYRXhpZgAASUkqAAgAAAAAAAAAAAAAAP/sABFEdWNreQABAAQAAAAKAAD/4QMsaHR0cDovL25zLmFkb2JlLmNvbS94YXAvMS4wLwA8P3hwYWNrZXQgYmVnaW49Iu+7vyIgaWQ9Ilc1TTBNcENlaGlIenJlU3pOVGN6a2M5ZCI/PiA8eDp4bXBtZXRhIHhtbG5zOng9ImFkb2JlOm5zOm1ldGEvIiB4OnhtcHRrPSJBZG9iZSBYTVAgQ29yZSA1LjUtYzAxNCA3OS4xNTE0ODEsIDIwMTMvMDMvMTMtMTI6MDk6MTUgICAgICAgICI+IDxyZGY6UkRGIHhtbG5zOnJkZj0iaHR0cDovL3d3dy53My5vcmcvMTk5OS8wMi8yMi1yZGYtc3ludGF4LW5zIyI+IDxyZGY6RGVzY3JpcHRpb24gcmRmOmFib3V0PSIiIHhtbG5zOnhtcD0iaHR0cDovL25zLmFkb2JlLmNvbS94YXAvMS4wLyIgeG1sbnM6eG1wTU09Imh0dHA6Ly9ucy5hZG9iZS5jb20veGFwLzEuMC9tbS8iIHhtbG5zOnN0UmVmPSJodHRwOi8vbnMuYWRvYmUuY29tL3hhcC8xLjAvc1R5cGUvUmVzb3VyY2VSZWYjIiB4bXA6Q3JlYXRvclRvb2w9IkFkb2JlIFBob3Rvc2hvcCBDQyAoTWFjaW50b3NoKSIgeG1wTU06SW5zdGFuY2VJRD0ieG1wLmlpZDpCODQ5NDA2NjQyMDUxMUU5OTk4RkJCNjMyNTY5RTk2QSIgeG1wTU06RG9jdW1lbnRJRD0ieG1wLmRpZDpCODQ5NDA2NzQyMDUxMUU5OTk4RkJCNjMyNTY5RTk2QSI+IDx4bXBNTTpEZXJpdmVkRnJvbSBzdFJlZjppbnN0YW5jZUlEPSJ4bXAuaWlkOkI4NDk0MDY0NDIwNTExRTk5OThGQkI2MzI1NjlFOTZBIiBzdFJlZjpkb2N1bWVudElEPSJ4bXAuZGlkOkI4NDk0MDY1NDIwNTExRTk5OThGQkI2MzI1NjlFOTZBIi8+IDwvcmRmOkRlc2NyaXB0aW9uPiA8L3JkZjpSREY+IDwveDp4bXBtZXRhPiA8P3hwYWNrZXQgZW5kPSJyIj8+/+4ADkFkb2JlAGTAAAAAAf/bAIQAFBAQGRIZJxcXJzImHyYyLiYmJiYuPjU1NTU1PkRBQUFBQUFERERERERERERERERERERERERERERERERERERERAEVGRkgHCAmGBgmNiYgJjZENisrNkREREI1QkRERERERERERERERERERERERERERERERERERERERERERERERERE/8AAEQgBaAKAAwEiAAIRAQMRAf/EAHkAAQACAwEAAAAAAAAAAAAAAAABBAMFBgIBAQEBAQAAAAAAAAAAAAAAAAABBAUQAQACAQIEAQoFBQAAAAAAAAABAgMRBCExEgVBUWFxgZEiMnITBsHRQjM0seFSgjURAQEBAAIDAQAAAAAAAAAAAAABESESMQIEA//aAAwDAQACEQMRAD8A6UAAAAAAAAAAAAAAAAAAAAAAAAAAAAAAAAAAAAAAAAAAAAAAAAAAAAAAAAAAAAAAAAAAAAAAAAAAAAAAAAAAAAAAAAAAAAAAAAAAAAAAAAAAAAAAAAAAAAAAAAAAAAAAAAAAAAAAAAAAAAAAAAAAAAAAAAAAAAAAAAAAAAAAAAAAAAAAAAAAAAAAAAAAAAAAAAAAAAAAAAAAAAAAAAAAAAAAAAAAAAAAAAAAAAAAAAAAAAAAAAAAAAAAAAAAAAAAAAAAAAAAAAAAAAAAAAAAAAAAAAAAAAAAAAAAAAAAAAAAAAAAAAAAAAAAAAAAAAAAAAAAAAAAAAAAAAAAAAAAAAAAAAAAAAAAAAAAAAAAAAAAAAAAAAAAAAAAAAAAAAAAAAAAAAAAAAAAAAAAAAAAAAAAAAAAAAAAAAAAAAAAAAAAAAAAAAAAAAAAAAAAAAAAAAAAAAAAAAAAAAAAAAAAAAAAAAAAAAAAAAAAAAAAAAAAAAAAAAAAAAAAAAAAAAAAAAAAAAAAAAAAAAAAAAAAAAAAAAAAAAAAAAAAAAAAAAAAAAAAAAAAAAAAAAAAAAAAAAAAAAAAAAAAAAAAAAAAAAAAAAAAAAAAAAAAAAAAAAAAAAAAAAAAAAAAAAAAAAAAAAAAAAAAAAAAAAAAAAAAAAAAAAAAAAAAAAAAAAAAAAAAAAAAAAAAAAAAAAAAAAAAAAAAAAAAAAAAAAAAAAAAAAAAAAAAAAAAAAAAAAAAEWtFI6rTpEeMgkY8WambjjtFtP8AGdWQARExPI10FypEa6pEAAAAAAAAAAAAAAAAAAAAAAAAAAAAAAAAAAAAAAAAAAAAAAAAAAAAAAAAAAAAAAAAAAAAAAAAFbfUjJgvW09MTGnVKyp9z/i5PlBX7NgpgpeKZIyazHwsm8yzNuiOUKf25+3k+aFve45rbq8JGj8JO/KvW01nWJ0l7y5rZZ1ljEdDrPOMmHLOK0T4eMLm932PZRFskTMW4e6pYsc5LRVn7xg+ttbac6+/Hq/srF9GbMZsG+x58M5669Ea668+DFtO64t5f6eOLa6a8Yj83P7XdfT2mbF4zNdPXzXOz1nDt8258dJivq4jI2O771g29ppxvaOfTyh62fd8G6t0RrW3kt4+hz/adrTd5+nLxrETafO8dwwxs91auLhETW1QdJu+64dpf6eSLTOmvCI/Nly77HiwRuLRPROnp4ud73frz1t5aVn26r+//wCZj9GMGy2W/wAe9i044mOnTXq8620P238OT01/FvgAAAAAAAAAAAAAAAAAAAAAAAAAAAAAAAAAAAAAAAAAAAAAAAAAAAAAAAAAAAAAAAAFPuf8XJ8q483pXJWa2jWs84Bpftz9vJ80f0bq9IvHTbk8YdvjwRMY6xWJ56MosuNVmwWxTx4x5XimO2SdK823mImNJ5IpStI0rGkDVPovXLOWPDgjFHn8rLasXiazxieHtSqdyplvt7Rh16+GmnPmMt9r7Xa47PinDktjn9MzX2S67ZbWK7SuG36q+9/tzaTadm3GXLFs9dK662m083UiONpObtWfqmvGOHHlMJrjzd03E20+KfenwiHYTEW4TGsERERpEaQDm+/7a1b0yVj3Onp4eWFG+6z59vGKf28fjEfi7KYieEoisRGkRGgNH9t/Dl9Nfxb5GiQAAAAAAAAAAAAAAAAAAAAAAAAAAAAAAAAAAAAAAAAAAAAAAAAAAAAAAAAAAAAAAAAAAAAAAAAAAAAAAAAAAAAAAAAAAAAAAAAAAAAAAAAAAAAAAAAAAAAAAAAAAAAAAAAAAAAAAAAAAAAAAAAAAAAAAAAAAAAAAAAAAAAAAAAAAAAAAAAAAAAAAAAAAAAAAAAAAAAAAAAAAAAAAAAAAAAAAAAAAAAAAAAAAAAAAAAAAAAAAAAAAAAAAAAAAAAAAAAAAAAAAAAAAAAAAAAAAAAAAAAAAAAAAAAAAAAAAAAAAAAAAAAAAAAAAAAAAAAAAAAAAAAAAAAAAAAAAAAAAAAAAAAAAAAAAAAAAAAAAAAAAAAAAAAAAAAAAAAAAAAAAAAAAAAAAAAAAAAAAAAAAAAAAAAAAAAAAAAAAAAAAAAAAAAAAAAAAAAAAAAAAAAAAAAAAAAAAAAAAAAAAAAAAAAAAAAAAAAAAAAAAAAAAAAAAAAAAAAAAAAAAAAAAAAAAAAAAAAAAAAAAAAAAAAAAAAAAAAAAAAAAAAAAAAAAAAAAAAAAAAAAAAAAAAAAAAAAAAAAAAAAAAAAAAAAAAAAAAAAAAAAAAAAAAAAAAAAAAAAAAAAAAAAAAAAAAAAAAAAAAAAAAAAAAAAAAAAAAAAAAAAAAAAAAAAAAAAAAAAAAAAAAAAAAAAAAAAAAAAAAAAAAAAAAAAAAAAAAAAAAAAAAAAAAAAAAAAAAAAAAAAAAAAAAAAAAAAAAAAAAAAAAAAAAAAAAAAAAAAAAAAAAAAAAAAAAAAAAAAAAAAAAAAAAAAAAAAAAAAAAAAAAAAAAAAAAAAAAAAAAAAAAAAAAAAAAAAAAAAAAAAAAAAAAAAAAAAAAAAAAAAAAAAAAAAAAAAAAAAAAAAAAAAAAAAAAAAAAAAAAAAf/Z', 1279976691204992, 1557025248750, 1557025248750, 0);
INSERT INTO attachments (user_id, resource_id, size, width, height, name, mime, id, created_at, updated_at, version) VALUES (1279976691204128, 1279976691204992, 3111, 640, 360, 'img-7', 'image/jpeg', 1279976691205024, 1557025248751, 1557025248751, 0);
INSERT INTO resources (hash, encoding, content, id, created_at, updated_at, version) VALUES ('dbeb0261edacb7695b33fd85f14a34dc80bc3589b18ee1ba83a2a120798659c4', 'BASE64', '/9j/4QAYRXhpZgAASUkqAAgAAAAAAAAAAAAAAP/sABFEdWNreQABAAQAAAAKAAD/4QMsaHR0cDovL25zLmFkb2JlLmNvbS94YXAvMS4wLwA8P3hwYWNrZXQgYmVnaW49Iu+7vyIgaWQ9Ilc1TTBNcENlaGlIenJlU3pOVGN6a2M5ZCI/PiA8eDp4bXBtZXRhIHhtbG5zOng9ImFkb2JlOm5zOm1ldGEvIiB4OnhtcHRrPSJBZG9iZSBYTVAgQ29yZSA1LjUtYzAxNCA3OS4xNTE0ODEsIDIwMTMvMDMvMTMtMTI6MDk6MTUgICAgICAgICI+IDxyZGY6UkRGIHhtbG5zOnJkZj0iaHR0cDovL3d3dy53My5vcmcvMTk5OS8wMi8yMi1yZGYtc3ludGF4LW5zIyI+IDxyZGY6RGVzY3JpcHRpb24gcmRmOmFib3V0PSIiIHhtbG5zOnhtcD0iaHR0cDovL25zLmFkb2JlLmNvbS94YXAvMS4wLyIgeG1sbnM6eG1wTU09Imh0dHA6Ly9ucy5hZG9iZS5jb20veGFwLzEuMC9tbS8iIHhtbG5zOnN0UmVmPSJodHRwOi8vbnMuYWRvYmUuY29tL3hhcC8xLjAvc1R5cGUvUmVzb3VyY2VSZWYjIiB4bXA6Q3JlYXRvclRvb2w9IkFkb2JlIFBob3Rvc2hvcCBDQyAoTWFjaW50b3NoKSIgeG1wTU06SW5zdGFuY2VJRD0ieG1wLmlpZDowRjdGRjEyRjQyMDYxMUU5OTk4RkJCNjMyNTY5RTk2QSIgeG1wTU06RG9jdW1lbnRJRD0ieG1wLmRpZDowRjdGRjEzMDQyMDYxMUU5OTk4RkJCNjMyNTY5RTk2QSI+IDx4bXBNTTpEZXJpdmVkRnJvbSBzdFJlZjppbnN0YW5jZUlEPSJ4bXAuaWlkOkI4NDk0MDY4NDIwNTExRTk5OThGQkI2MzI1NjlFOTZBIiBzdFJlZjpkb2N1bWVudElEPSJ4bXAuZGlkOjBGN0ZGMTJFNDIwNjExRTk5OThGQkI2MzI1NjlFOTZBIi8+IDwvcmRmOkRlc2NyaXB0aW9uPiA8L3JkZjpSREY+IDwveDp4bXBtZXRhPiA8P3hwYWNrZXQgZW5kPSJyIj8+/+4ADkFkb2JlAGTAAAAAAf/bAIQAFBAQGRIZJxcXJzImHyYyLiYmJiYuPjU1NTU1PkRBQUFBQUFERERERERERERERERERERERERERERERERERERERAEVGRkgHCAmGBgmNiYgJjZENisrNkREREI1QkRERERERERERERERERERERERERERERERERERERERERERERERERE/8AAEQgBaAKAAwEiAAIRAQMRAf/EAJMAAQADAQEBAQAAAAAAAAAAAAABBAUDAgYHAQEAAwEBAAAAAAAAAAAAAAAAAQIDBAUQAQACAQIDBAYHBQYHAAAAAAABAgMRBCESBTFBUWFxgZGxMlKhwSJCEzMU0WKSFQZygrIjQ1Pw4cJjc4OTEQEAAgEDAgUFAAAAAAAAAAAAAQIRITEDEgRBkSIyE1FhcVIU/9oADAMBAAIRAxEAPwD7EBmkAAAAAAAAAAAAAAAAAAAAAAAAAAAAAAAAAAAAAAAAAAAAAAAAAAEicCBKAAAEohIIAVABICRIjiJDAAJxAgSIwIEgIEgIEhiBAlBiAAQAAAAAAAAAAAAAAAAAAAAAAAAAAAAAAAAAAAAAAAAAAAAAAAAAAAAAAAAAAAAAAAAAAAAAAAAAAAAAAAAAAAAAAAAAAAAAAAAAAAAAAAAAAAAAAAAAAAAAAAAAAAAAAAAAAAAAAAAAAAAAAAAAAAAAAAAAAAAAAAAAAAAAAAAAAAAAAAAAAAAAAAAAAAAAAAAAAAAAAAAAAAAAAAAAAAAAAAAAAAAAAAAAAAAAAAAAAAAAAAAAAAAAAAAAAAAAAAAAAAAAAAAAAAAAAAAAAAAAAAAAAAAAAAAAAAAAAAAAAAAAAAAAAAAAAAAAAAAAAAAAAAAAAAAAAAAAAAAAAAAAAAAAAAAAAAAAAAAAAAAAAAAAAAAAAAAAAAAAAAAAAAAAAAAAAAAAAAAAAAAAAAAAAAAAAAAAAAAAAAAAAAAAAAAAAAAAAAAAAAAAAAAAAAAAAAAAAAAAAAAAAAAAAAAAAAAAAAAAAAAAAAAAAAAAAAAAAAAAAAAAAAAAAAAAAAAAAAAAAAAAAAAAAAAAAAAAAAAAAAAAAAAAAAAAAAAAAAAAAAAAAAAAAAAAAAAAAAAAAAAAAAAAAAOeXPjw158lorXxtOgOg81vF41rOsT3w9AAAATOgAzc/XNrhy1w83NabcluXspP73g626rt6567Wbf5loiY07OPZx8+5IumsMuvX9lfLGCl9b2nljSJ019LP3W1vuOo1pk4zFvxKzFuFcdNO75rX7ZMD6QIEAAAAAAAAAAAAAAAAAAAAAAAAAAAAAAAAAAAAAAAAAAAAAAAAAAAAAAAAAAAAAAAAAAAzOtbH9Zt5isa3pPPSPGY7vXDQyZK4qze3ZWJmfRD5nJ/Uua082DFXk7ue3GfZ2JVtMRHqZnTepW6bki0TM7e86Xp8s+MfW+7raLRE14xMaxL86327i2Sc34U05/zKxOtdfGJ8+9p9N3O43O2jBXJNcVJmvNHx2jujXu07OHFF7RWOq2kI44mfTu+pz9Q2+3nTNkrWfCZ4+xyjrOynszU9rHw7HBh+Cka/NPGfbLvbHW3CYifU5J7qudKzLrjgnxlu0y1yRzUmLR4xOqtuN/TBkphnW2TJP2a18PGfKGFGz/Bt+JtbThv+78M+mvY1um7+NzaaZqxTcUj7UeMeNZ8Jb05a8mzK9JruoYugxmtuIz8K3zRkjT71Y46eji97foV8dsVrXj/AC7azER21rMzSPVr7G/2jXMqPn7dBjHSJxcv41c34sWn5ebXl9jWyYpi8ZccRzzpS02+Tt9vgtMXrW6z4r48OKZpS8Wm+StOe0cvhBuNibxWNbTER5q9+pbWnxZqR/fhh48fSLaWz5fxb9857W906R9C/iz9Jx/BOCP4TAsX6xs6RrOamnlOvueP57sf92PZb9j3/NNjXsy4/VaD+b7S3CuSLeVIm3ugHvD1TaZ5iuPLSbT3a8fYuQzM+Om+pNIwaxP3steWI/6vd6XH+nqZMeDJjyTM8uS9a2mddYidAbICAAAAAAAAAAAAAAAAAAAAAAAAAAAAAAAAAAAAAAAAAAAAAAAAAAAAAAAAAAAAAmNWFm/pvBa02x3vjiePLXTl+mG68ZLxjpa9uysTafUImInd8puOlbeuaMFZteaaXyTa3j8NdI0jj2+j0r1axWIrWIiI7IhT6ba2altzf4s1rX9Xd9C88zuLza818Id3FSK1AHM2FbcxbHy7nF+Zi+1HnX71fXH0rIvS01tFoVtETGJbWDLXNSuSnGtoi0et0ZfQraYLYZ/0r2pHo7Y97UezE5jLz5jGgy+p25NztLf9y1f4qy1GT12eSmHL8mbHPvhKGpNKz2xHseZwY57a1n+7ClbqFu6IeP1+SfBzT3FGscVpXo22KOylf4YdYrFezgy/1uXxj2Eb7L5exH9NE/DZqKHS+EZq+GbJ9M6/W5/r8nk89HyWvfca/wC5r7aw0py1vpVS1JrrLWAaqAAAAAAAAAAAAAAAAAAAAAAAAAAAAAAAAAAAAAAAAAAAAAAAAAAAAAAAAAAAACvvcU5tvkx17bUtWPXCwiQfNbG0X2+OY4Ryxw9Cw5ZMP6LcWxT+XkmcmOfP71frjye70rkrNbcYnhLyeWvTec7bvQpOa6JS8zpWvlEKkY8+5+1e04qd1K/F657vRCsVidc4haZ8114tSLTEzM/ZnXt97xi22PDxpHHxnjLxuJvmtG1wfmX7Z+Svfafq800r1XitPNFpxGbNDoP26Zc3dfJPL6KxFfqbDhtNvTbYq4cfw1jSHZ68RiMPPmczkZfX667S0/LalvZaGqz+tV5tlmj9yZ9nERG6gIidY1S8Sd3pwAIB16Jxybn+3X/BDksdErGme3jln6Ih2dr7rfhhz+2GsA9BxgAAAAAAAAAAAAAAAAAAAAAAAAAAAAAAAAAAAAAAAAAAAAAAAAAAAAAAAAAAAAAK+72mPd4/w8nZ2xMdsT4wwctsuynl3UTNY7M1Y+zP9r5Z+h9NJp3KXpW8YtC9bzXZ89jy0yxrS0WjynVN71pGtpiI85aOXo+zzTzXxV18Y+z7tHrB0ra4J5qYq6+M/an6dXN/LH7aNvn+zMxUy7nhhjSs/wCpaOHqj73u82ts9jj2lZinG1uN7z8Vp/47u5aHRTjrSPT5sbXm25EaANFBV6jXm22WP3L+5actxhjPjtimZiLRNZmPMGFgtzY6T41ifodHP+X7zaV5KRXPSOFZ15b6eevCXOc2Wn5mDLX0V5vdLzL8F4mcRmHdXkrjdYFb9ZXvpkj/ANVv2H62ny5P/lb9jP4r/rK3yV+qysdBnXHm/wDNf6lKmTJk+DDkn005f8WjQ6Jgvgw2/FjltbJktMev/k7O347VmeqMMOa0TEYlpiUOtzAAAAAAAAAAAAAAAAAAAAAAAAAAAAAAAAAAAAAAAAAAAAAAAAAAAAAAAAAAAAAAAAAAAAAAAAAABoAGhEaAAAAAAAAAAAAAAAAAAAAAAAAAAAAAAAAAAAAAAAAAAAAAAAAAAAAAAAAAAAAAAAAAAAAAAAAAAAAAAAAAAAAAAAAAAAAAAAAAAAAAAAAAAAAAAAAAAAAAAAAAAAAAAAAAAAAAAAAAAAAAAAAAAAAAAAAAAAAAAAAAAAAAAAAAAAAAAAAAAAAAAAAAAAAAAAAAAAAAAAAAAAAAAAAAAAAAAAAAAAAAAAAAAAAAAAAAAAAAAAAAAAAAAAAAAAAAAAAAAAAAAAAAAAAAAAAAAAAAAAAAAAAAAAAAAAAAAAAAAAAAAAAAAAAAAAAAAAAAAAAAAAAAAAAAAAAAAAAAAAAAAAAAAAAAAAAAAAAAAAAAAAAAAAAAAAAAAAAAAAAAAAAAAAAAAAAAAAAAAAAAAAAAAAAAAAAAAAAAAAAAAAAAAAAAAAAAAAAAAAAAAAAAAAAAAAAAAAAAAAAAAAAAAAAAAAAAAAAAAAAAAAAAAAAAAAAAAAAAAAAAAAAAAAAAAAAAAAAAAAAAAAAAAAAAAAAAAAAAAAAAAAAAAAAAAAAAAAAAAAAAAAAAAAAAAAAAAAAAAAAAAAAAAAAAAAAAAAAAAAAAAAAAAAAAAAAAAAAAAAAAAAAAAAAAAAAAAAAAAAAAAAAAAAAAAAAAAAAAAAAAAAAAAAAAAAAAAAAAAAAAAAAAAAAAAAAAAAAAAAAAAAAAAAAAAAAAAAAAAAAAAAAAAAAAAAAAAAAAAAAAAAAAAAAAAAAAAAD/2Q==', 1279976691205056, 1557025248751, 1557025248751, 0);
INSERT INTO attachments (user_id, resource_id, size, width, height, name, mime, id, created_at, updated_at, version) VALUES (1279976691204128, 1279976691205056, 4056, 640, 360, 'img-8', 'image/jpeg', 1279976691205088, 1557025248751, 1557025248751, 0);
INSERT INTO resources (hash, encoding, content, id, created_at, updated_at, version) VALUES ('a891495b4634473a1c6e6b4ca23c805f64a5b62006d4f11efd8e682c624a9211', 'BASE64', '/9j/4QAYRXhpZgAASUkqAAgAAAAAAAAAAAAAAP/sABFEdWNreQABAAQAAAAKAAD/4QMsaHR0cDovL25zLmFkb2JlLmNvbS94YXAvMS4wLwA8P3hwYWNrZXQgYmVnaW49Iu+7vyIgaWQ9Ilc1TTBNcENlaGlIenJlU3pOVGN6a2M5ZCI/PiA8eDp4bXBtZXRhIHhtbG5zOng9ImFkb2JlOm5zOm1ldGEvIiB4OnhtcHRrPSJBZG9iZSBYTVAgQ29yZSA1LjUtYzAxNCA3OS4xNTE0ODEsIDIwMTMvMDMvMTMtMTI6MDk6MTUgICAgICAgICI+IDxyZGY6UkRGIHhtbG5zOnJkZj0iaHR0cDovL3d3dy53My5vcmcvMTk5OS8wMi8yMi1yZGYtc3ludGF4LW5zIyI+IDxyZGY6RGVzY3JpcHRpb24gcmRmOmFib3V0PSIiIHhtbG5zOnhtcD0iaHR0cDovL25zLmFkb2JlLmNvbS94YXAvMS4wLyIgeG1sbnM6eG1wTU09Imh0dHA6Ly9ucy5hZG9iZS5jb20veGFwLzEuMC9tbS8iIHhtbG5zOnN0UmVmPSJodHRwOi8vbnMuYWRvYmUuY29tL3hhcC8xLjAvc1R5cGUvUmVzb3VyY2VSZWYjIiB4bXA6Q3JlYXRvclRvb2w9IkFkb2JlIFBob3Rvc2hvcCBDQyAoTWFjaW50b3NoKSIgeG1wTU06SW5zdGFuY2VJRD0ieG1wLmlpZDpDRDQ2NTJFQTQyMDQxMUU5OTk4RkJCNjMyNTY5RTk2QSIgeG1wTU06RG9jdW1lbnRJRD0ieG1wLmRpZDoxMzk3MUFDQzQyMDUxMUU5OTk4RkJCNjMyNTY5RTk2QSI+IDx4bXBNTTpEZXJpdmVkRnJvbSBzdFJlZjppbnN0YW5jZUlEPSJ4bXAuaWlkOkNENDY1MkU4NDIwNDExRTk5OThGQkI2MzI1NjlFOTZBIiBzdFJlZjpkb2N1bWVudElEPSJ4bXAuZGlkOkNENDY1MkU5NDIwNDExRTk5OThGQkI2MzI1NjlFOTZBIi8+IDwvcmRmOkRlc2NyaXB0aW9uPiA8L3JkZjpSREY+IDwveDp4bXBtZXRhPiA8P3hwYWNrZXQgZW5kPSJyIj8+/+4ADkFkb2JlAGTAAAAAAf/bAIQAFBAQGRIZJxcXJzImHyYyLiYmJiYuPjU1NTU1PkRBQUFBQUFERERERERERERERERERERERERERERERERERERERAEVGRkgHCAmGBgmNiYgJjZENisrNkREREI1QkRERERERERERERERERERERERERERERERERERERERERERERERERE/8AAEQgBaAKAAwEiAAIRAQMRAf/EAHQAAQADAQEAAAAAAAAAAAAAAAACAwQBBQEBAQEBAQAAAAAAAAAAAAAAAAEDAgUQAQACAgAEBQMCBwAAAAAAAAABAhEDITESBEFRcSIyYaGxExSBkdFCYnIFEQEBAQEAAwEBAAAAAAAAAAAAARECITESQTL/2gAMAwEAAhEDEQA/APMAec6AAAAAAAAAAAAAAAAAAAAAAAAAAAAAAAAAAAAAAAAAAAAAAAAAAAAAAAAAAAAAAAAAAAAAAAAAAAAAAAAAAAAAAAAAAAAAAAAAAAAAAAAAAAAAAAAAAAAAAAAAAAAAAAAAAAAAAAAAAAAAAAAAAAAAAAAAAAAAAAAAAAAAAAAAAAAAAAAAAAAAAAAAAAAAAAAAAAAAAAAAAAAAAAAAAAAAAAAAAAAAAAAAAAAAAAAAAAAAAAAAAAAAAAAAAAAAAAAAAAAAAAAAAAAAAAAAAAAAAAAAAAAAAAAAAAAAAAAAAAAAAAAAAAAAAAAAAAAAAAAAAAAAAAAAAAAAAAAAAAAAAAAAAAAAAAAAAAAAAAAAAAAAAAAAAAAAAAAAAAAAAAAAAAAAAAAAAAAAAAAAAAAAAAAAAAAAAAAAAAAAAAAAAAAAAAAAAAAAAAAAAAAAAAAAAAAAAAAAAAAAAAAAAAAAAAAAAAAAAAAAAAAAAAAAAAAAAAAAAAAAAAAAAAAAAAAAAAAAAAAAAAAAAAAAAAAAAAAAAAAAAAAAAAAAAAAAAAAAAAAAAAAAAAAAAAAAAAAAAAAAAAAAAAAAAAAAAAAAAAAAAAAAAAAAAAAAAAAAAAAAAAAAAAAAAAAAAAAAAAAAAAAAAAAAAAAAAAAAAAAAAAAAAAAAAAAAAAAAAAAAAAAAAAAAAAAAAAAAAAAAAAAAAAAAAAAAAAAAAAAAAAAAAAAAAAAAAAAAAAAAAAAAAAAAAAAAAAAAAAAAAAAAAAAAAAAAAAAAAAAAAAAAAAAAAAAAAAAAAAAAAAAAAAAAAAAAAAAAAAAAAAAAAAAAAAAAAAAAAAAAAAAAAAAAAAAAAAAAAAAAAAAAAAAAAAAAAAAAAAAAAAAAAAAAAAAAAAAAAAAAAAAAAAAAAAAAAAAAAAAAAAAAAAAAAAAAAAAAAAAAAAAAAAAAAAAAAAAAAAAAAAAAAAAAAAAAAAAAAAAAAAAAAAAAAAAAAAAAAAAAAAAAAAAAAAAAAAAAAAAAAAAAAAAAAAAAAAAAAAAAAAAAAAAAAAAAAAAAAAAAAAAAAAAAAAAAAAAAAAAAAAAAAAAAAAAAAAAAAAAAAAAAAAAAAAAAAAAAAAAAAAAAAAAAAAAAAAAAAAAAAAAAAAAAAAAAAAAAAAAAAAAAAAAAAAAAAAAAAAAAAAAAAAAAAAAAAAAAAAAAAAAAAAAAAAAAAAAAAAAAAAAAAAAAAAAAAAAAAAAAAAAAAAAAAAAAAAAAAAAAAAAAAAAAAAAAAAAAAAAAAAAAAAAAAAAAAAAAAAAAAAAAAAAAAAAAAAAAAAAAAAAAAAAAAAAAAAAAAAAAAAAAAAAAAAAAAAAAAAAAAAAAAAAAAAAAAAAAAAAAAAAAAAAAAAAAAAAAAAAAAAAAAAAAW9vqjbfE/GOMiyalp7adnutOKtfRqp8K5nzsTOZGkmNZMSi0eNazHojbtdW74ey32DOOMKrBs1W1W6bxxQett1x3OvH90fF5LOzGXXOegBHIAAAAAAAAAAAAAAAAAAAAAAAAAAAAAAAAAAAAAAAAAAAAAAAAAAAAAAAAAAAAAAAAAAAAAA3djX22t5zj+UMLf/z5ia2rPn+YwvPt1x7SicuoVjEzE84lNo1HHXAW6JxZ5/dVim28Ryy9DRGbPO7m/XttaOUynXpz3/MVAM2QAAAAAAAAAAAAAAAAAAAAAAAAAAAAAAAAAAAAAAAAAAAAAAAAAAAAAAAAAAAAAAAAAAAAAAs0bf0rRM8uUqwWXPL1ttYv745+OPyqZNPczr9s8a+X9Gqu3XflaI/24NJdayyuuxGeSWKRzvXHqjs77XrjGuOqfPwXwvj9T27P22v/ADtyeUls2W226rTmUWdusurtAEcgAAAAAAAAAAAAAAAAAAAAAAAAAAAAAAAAAAAAAAAAAAAAAAAAAAAAAAAAAAAAAAANOrt69MbNvKfjWPFb0a+XRGPWc/lZtn3Y8I4R6K2mNsjNu0/p8YnNZ5Km7ZGdNpnzrhhcVn1MoAjkAAAAAAAAAAAAAAAAAAAAAAAAAAAAAAAAAAAAAAAAAAAAAAAAAAAAAAAAAAAAAAAAAAAAE9Wm+2emkZX/ALKeU3jP8VyrlZRdt7W+qOqeNfOFKGWAAjZp3UvWK3nExwifCV068cbWrEerzR19O/to7nfF8Up8Y+7ODm3XNu3QAQAAAAAAAAAAAAAAAAAAAAAAAAAAAAAAAAAAAAAAAAAAAAAAAAAAAAAAAAAAAAAAAAAAdpWb2isc5nABHo4ikdFfjH3+rgNY3TpeaT9PGGPu9Mar+3424wDnpz1meWcBwyAAAAAAAAAAAAAAAAAAAAcdAUAEAAAAAAAAAAAAf//Z', 1279976691205120, 1557025248751, 1557025248751, 0);
INSERT INTO attachments (user_id, resource_id, size, width, height, name, mime, id, created_at, updated_at, version) VALUES (1279976691204128, 1279976691205120, 2940, 640, 360, 'img-9', 'image/jpeg', 1279976691205152, 1557025248751, 1557025248751, 0);
INSERT INTO resources (hash, encoding, content, id, created_at, updated_at, version) VALUES ('887ce4f6c44816b7f8d3dc046e3ffa03c9ce8ed2dfb8d16e8f732890eca32b45', 'BASE64', '/9j/4QAYRXhpZgAASUkqAAgAAAAAAAAAAAAAAP/sABFEdWNreQABAAQAAAAKAAD/4QMsaHR0cDovL25zLmFkb2JlLmNvbS94YXAvMS4wLwA8P3hwYWNrZXQgYmVnaW49Iu+7vyIgaWQ9Ilc1TTBNcENlaGlIenJlU3pOVGN6a2M5ZCI/PiA8eDp4bXBtZXRhIHhtbG5zOng9ImFkb2JlOm5zOm1ldGEvIiB4OnhtcHRrPSJBZG9iZSBYTVAgQ29yZSA1LjUtYzAxNCA3OS4xNTE0ODEsIDIwMTMvMDMvMTMtMTI6MDk6MTUgICAgICAgICI+IDxyZGY6UkRGIHhtbG5zOnJkZj0iaHR0cDovL3d3dy53My5vcmcvMTk5OS8wMi8yMi1yZGYtc3ludGF4LW5zIyI+IDxyZGY6RGVzY3JpcHRpb24gcmRmOmFib3V0PSIiIHhtbG5zOnhtcD0iaHR0cDovL25zLmFkb2JlLmNvbS94YXAvMS4wLyIgeG1sbnM6eG1wTU09Imh0dHA6Ly9ucy5hZG9iZS5jb20veGFwLzEuMC9tbS8iIHhtbG5zOnN0UmVmPSJodHRwOi8vbnMuYWRvYmUuY29tL3hhcC8xLjAvc1R5cGUvUmVzb3VyY2VSZWYjIiB4bXA6Q3JlYXRvclRvb2w9IkFkb2JlIFBob3Rvc2hvcCBDQyAoTWFjaW50b3NoKSIgeG1wTU06SW5zdGFuY2VJRD0ieG1wLmlpZDoxMzk3MUFEMzQyMDUxMUU5OTk4RkJCNjMyNTY5RTk2QSIgeG1wTU06RG9jdW1lbnRJRD0ieG1wLmRpZDoxMzk3MUFENDQyMDUxMUU5OTk4RkJCNjMyNTY5RTk2QSI+IDx4bXBNTTpEZXJpdmVkRnJvbSBzdFJlZjppbnN0YW5jZUlEPSJ4bXAuaWlkOjEzOTcxQUQxNDIwNTExRTk5OThGQkI2MzI1NjlFOTZBIiBzdFJlZjpkb2N1bWVudElEPSJ4bXAuZGlkOjEzOTcxQUQyNDIwNTExRTk5OThGQkI2MzI1NjlFOTZBIi8+IDwvcmRmOkRlc2NyaXB0aW9uPiA8L3JkZjpSREY+IDwveDp4bXBtZXRhPiA8P3hwYWNrZXQgZW5kPSJyIj8+/+4ADkFkb2JlAGTAAAAAAf/bAIQAFBAQGRIZJxcXJzImHyYyLiYmJiYuPjU1NTU1PkRBQUFBQUFERERERERERERERERERERERERERERERERERERERAEVGRkgHCAmGBgmNiYgJjZENisrNkREREI1QkRERERERERERERERERERERERERERERERERERERERERERERERERE/8AAEQgBaAKAAwEiAAIRAQMRAf/EAH0AAQADAQEBAAAAAAAAAAAAAAABBAUDAgYBAQEAAwEAAAAAAAAAAAAAAAABAgMEBRABAAICAAQCBwYHAAAAAAAAAAECEQMhEgQFMUFRYdEiQmIT8IEyUnIzcZGhweFTFREBAQACAgIDAAAAAAAAAAAAAAERAhIDIUExcUL/2gAMAwEAAhEDEQA/AOgDteMAAAAAAAAAAAAAAACAAoAAAAAAAAAAAAAAAAAAAAAAAAAAAAAAAAAIACgAAAAAAAAAAAAAAAAAAAAAAAAAAAAAAAAAAAAAgAKAAACAAoAAAAAAAAAAAAAAAAAAAAAAAIACgAAAAAAAAAAAAAAAAAAAAAAAAAAAAAAAAAAAAAAAAAAAAAAAAAAAgAKAAAAAAAAAAAAAAAAAAAAAAAAAAAAAAAAAAAAAAAAAAAAAAAAAAAAAAAAAAAAAAAAAAAAAAAAAAAAAAAAACAAoAAAAAAAAAAAAAAAAAAAAAAAAAAAAAAAIACgAAAAAAAAAAAAAAAAAAAAAAAAAAAAAAAAAAAAAAAAAAAAAAAAAAAAAgAKAAAAAAAAAAAAAAAAAAAAAAAAAAAAAAAAAAAAAAAAAAAAAAAAAAAAAAAAAAAAAAAAAAAAAAAAAAAAAAAAAAAAAAAAAAAAACAAoAAAIACgAAAAAAAAAAAgAKAAAAACAAAAoAIACgAgAKAAAAAAAAAAAAAAAAAAAAAAAAACAAoAAAAAAAAAAAAAAAAAAAIACgAAAAAAAAAAAAAAAAAAAAAAAAAAAAAAAAAAAAAAAAAAAAAAAAAAAAAAAAAAAAAAAAAAAAAAAAAAAAAAAAAAAAAAAAAAAAAAAAAAAAAgAKAAAAAAAAAAAAAAAAAAAAAAAAAAAAAAAAAAAAAAACAAoAAAAAAAAAAAAAAAAAAAAAAAAAAAAAAAAAAAAAAAAAAAAAAAAAAAAAAAAAAAAAAAAAAAAAAAAAAAIACgAAAAAAAAAAAAAAAAAAAAAAAAAAAAAAAAAAAAAAAAAAAAAAAAAAAAAAAAAAAAAAAAAAAAAAAAAAAAAAAAAAAAAAAAAAAAAAAAAAAAAAAAAAAAAAAAAAAAAAAAAAAAAAAAAAAAAAAAAAAAAAAAAAAAAAAgAKAAAAAAAAAAACAAoAAAAAAAAAAAAAAAAAAAAAAAIACgAAAAAAAAAAAAAAAAAAAAAAAAAAAAAAAAAAAAAAAAAAAAAgAKAAAAAAAAAAAAAAAAAAAAAAAAAAAAAAAAAAAAAAAAACAAoAAAAAAAAAAAAAAAAAAAAAAAAAAAAAAAAAAAAAAAAAAAAAAAIACgAAAAAAAAAAAAAAAAAAAAAAAAAAAAAAAAAAAAAAAAAAAAAAAAAAAAAAAAAAAAAAAAAAAAAAAAAAAAAAAAAAAAAAAgAKAAAAAAAAAAAAAAAAAAAAAAAAAAAAAAAAAAAAAAAAAAAAAAAAAAAAAAAAAAAAAAAAAAAAAAAAAAAAAAAAAAAAACAAoAAAAAAAAAAAAAAAAAAAAAAAAAAAAAAAAAAAAAAAAAAAIACgAAAAAAAAAAAAAAAAAAAAAAAAAAAAAgItaKxmeEGcTNbRi0eMJlli/KQFYgAoAIACgAAAAAAAAAAAgAAAAAKAAAAAAAAAAAAAAAAAAAAAAAAAAAAAAAAAAAAACAAoAAAAAIACgAgiZxGZ8ErPb+np1O2fqcYpi3L5TPr/gxtxGemvPbi7du6Kdkxv2xiscaVnz+b2OneOkiIjqK4ry55oxxt/lr+DO7zfGmIj4rVhzy27ZehdJrpYxgHS80AVAAUAAAAAAAAAAAAAAAAAAAAAAAAAAAAAAAAAAAAAAAAAAAEABQAAAAAAAAAAAAAAAAAQAQBGfKImZ9EIm3LPLaJrPotGEzGXG4zh6AVBe7P+/sn5YUJ4cZ4NbsumYpbdbh9T8P6Ya+y+HR0a27Zayh3bVzdNbHw+/8AyaGVbuF4p0+yflmGiO+zMfNRsrM4iXpb6/ZomldGJjbSK+9WPCceH3+anGZjM+Lp1uXm9unG+EgM2kAFABAAUAAAAAAAEABQAAAAAAAAAAAAAAAAAAAQAFAAAAAAAAAAAAAAAAAAABAAUAAAAAARMZjCQR61b92nhrtGI8pr9uLtPcN14xurTZX1xhXGF1jbOzaOk36a2ZtW+qZ/LPNDpq6TXu/b3xM+i0YV3m1K28YTjfVZTsn6ka+nstImLbbTsiPh8K/b72jt0xenJmYj5OD5inNqnOu1q49ftaGnvGzX7u6vNH5qexr21rp07dPpe+h1Wvjr2xb5dlf7wq9dv3Tq5d2qaxmszas80Yj+rrTu/TW/FM0/VV3/AOl03+yuGGK3cpYwJ2zutbdPxznHq8ho779t2zNuaK285rmGZstWlois80TOPHMt2u3pw9nXc8pXoBtc4AKAAAAAAAAAAAAAAAAACAAoAAAAAAAAAAAAAAAAAAAAAAAAAAAAAAAAAAAAAAAAAAAAAAAAAIACk8fFHLHohImDNRMR6IRFYjwh6DBmgCoACgAAAAAAAgAKAAAAAAAAAAAAAAAAAAAAAAAAAAAAACAAoAAAAAAAAAAAAAAAAAAAAAAAAAAAAAAAAAAAIACgAgAKAAAAAAAAACAAoAAAAAAAAAAAAAAAAAIACgAAAAAAAAAAAgAKAAAAAAAAAAAAAAAAAAAAAAAAAAACP//Z', 1279976691205184, 1557025248751, 1557025248751, 0);
INSERT INTO attachments (user_id, resource_id, size, width, height, name, mime, id, created_at, updated_at, version) VALUES (1279976691204128, 1279976691205184, 3042, 640, 360, 'img-10', 'image/jpeg', 1279976691205216, 1557025248752, 1557025248752, 0);
INSERT INTO resources (hash, encoding, content, id, created_at, updated_at, version) VALUES ('e33578ea5812325eb83016a79bd29346f098ac5e74ec258aeacbf2bfc90fa3db', 'BASE64', '/9j/4QAYRXhpZgAASUkqAAgAAAAAAAAAAAAAAP/sABFEdWNreQABAAQAAAAKAAD/4QMsaHR0cDovL25zLmFkb2JlLmNvbS94YXAvMS4wLwA8P3hwYWNrZXQgYmVnaW49Iu+7vyIgaWQ9Ilc1TTBNcENlaGlIenJlU3pOVGN6a2M5ZCI/PiA8eDp4bXBtZXRhIHhtbG5zOng9ImFkb2JlOm5zOm1ldGEvIiB4OnhtcHRrPSJBZG9iZSBYTVAgQ29yZSA1LjUtYzAxNCA3OS4xNTE0ODEsIDIwMTMvMDMvMTMtMTI6MDk6MTUgICAgICAgICI+IDxyZGY6UkRGIHhtbG5zOnJkZj0iaHR0cDovL3d3dy53My5vcmcvMTk5OS8wMi8yMi1yZGYtc3ludGF4LW5zIyI+IDxyZGY6RGVzY3JpcHRpb24gcmRmOmFib3V0PSIiIHhtbG5zOnhtcD0iaHR0cDovL25zLmFkb2JlLmNvbS94YXAvMS4wLyIgeG1sbnM6eG1wTU09Imh0dHA6Ly9ucy5hZG9iZS5jb20veGFwLzEuMC9tbS8iIHhtbG5zOnN0UmVmPSJodHRwOi8vbnMuYWRvYmUuY29tL3hhcC8xLjAvc1R5cGUvUmVzb3VyY2VSZWYjIiB4bXA6Q3JlYXRvclRvb2w9IkFkb2JlIFBob3Rvc2hvcCBDQyAoTWFjaW50b3NoKSIgeG1wTU06SW5zdGFuY2VJRD0ieG1wLmlpZDoxMzk3MUFDRjQyMDUxMUU5OTk4RkJCNjMyNTY5RTk2QSIgeG1wTU06RG9jdW1lbnRJRD0ieG1wLmRpZDoxMzk3MUFEMDQyMDUxMUU5OTk4RkJCNjMyNTY5RTk2QSI+IDx4bXBNTTpEZXJpdmVkRnJvbSBzdFJlZjppbnN0YW5jZUlEPSJ4bXAuaWlkOjEzOTcxQUNENDIwNTExRTk5OThGQkI2MzI1NjlFOTZBIiBzdFJlZjpkb2N1bWVudElEPSJ4bXAuZGlkOjEzOTcxQUNFNDIwNTExRTk5OThGQkI2MzI1NjlFOTZBIi8+IDwvcmRmOkRlc2NyaXB0aW9uPiA8L3JkZjpSREY+IDwveDp4bXBtZXRhPiA8P3hwYWNrZXQgZW5kPSJyIj8+/+4ADkFkb2JlAGTAAAAAAf/bAIQAFBAQGRIZJxcXJzImHyYyLiYmJiYuPjU1NTU1PkRBQUFBQUFERERERERERERERERERERERERERERERERERERERAEVGRkgHCAmGBgmNiYgJjZENisrNkREREI1QkRERERERERERERERERERERERERERERERERERERERERERERERERE/8AAEQgBaAKAAwEiAAIRAQMRAf/EAHgAAQACAwEAAAAAAAAAAAAAAAAFBgEDBAIBAQEAAAAAAAAAAAAAAAAAAAABEAEAAgECBAIGBgkEAwAAAAAAAQIDEQQhMRIFQVFhcdEiMhORobHBFQaB4UJSYnKCkhTxIzNDU2MWEQEAAAAAAAAAAAAAAAAAAAAA/9oADAMBAAIRAxEAPwCfZBQAAAAAAAAAAAAAAAAAAAAAAAAAAAAAAAAAAAAAAAAAAAAAAAAAAAAAAAAAAAAAAAAAAAAAAAAAAAAAAAAAAAAAAAAAAAAAAAAAAAAAAAAAAAAAAAAAAAAAAAAAAAAAAAAAAAAAAAAAAAAAAAAAAAAAAAAAAAAAAAAAAAAAAAAAAAAAAAAAAAAAAAAAAAAAAAAAAAAAAAAAAAAAAAAAAAAAAAAAAAAAAAAAAAAAAAAAAAAAAAAAAAAAAAAAAAAAAAAAAAAAAAAAAAAAAAAAAAAAAAAAAAAAAAAAAAAAAAAAAAAAAAAAAAAAAAAAAAAAAAAAAAAAAAAAAAAAAAAAAAAAAAAAAAAAAAAAAAAAAAAAAAAAAAAAAAAAAAAAAAAAAAAAAAAAAAAAAAAAAAAAAAAAAAAAAAAAAAAAAAAAAAAAAAAAAAAAAAAAAAAAAAAAAAAAAAAAAAAAAAAAAAAAAAAAAAAAAAAAAAAAAAAAAAAAAAAAAAAAAAAAAAAAAAAAAAAAAAAAAAAAAAAAAAAAAAAAAAAAAAAAAAAAAAAAAAAAAAAAAAAAAAAAAAAAAAAAAAAAAAAAAAAAAAAAAAAAAAAAAAAAAAAAAAAAAAAAAAAAAAAAAAAAAAAAAAAAAAAAAAAAAAAAAAAAAAAAAAAAAAAAAAAAAAAAAAAAAAABry5aYazfJMVrHOZBsEDm/MVdZjb45tH71vdhor+Ydxr7+Okx6LSIso4dj3PDveFJ6bxzpbn+t3AACgNWfPTb0nJknSsCNorOfv2fJP8AsVrSv8cazLXj75vKTrbovHlp0yC1CP7f3bDvvdr7uSOdLc/0eaQFAAAAAAAAAAAAAAAAAAAAAAAAAAAAAAAAAAAAAAAAAAAAAAAAAAAAAAAAAAAAAAAAAAaN3use0xzlyTwj6/QqG73WXf3683CsfDj8I9fpdHdd5/mbia1n/axTpX028ZcYgDfstrbe5vk1t0xEdU25g5rRMaXrOl68ayuXb91/l7embxtHH1+Ko5cc4ct8UzrNLdOseKe/LczO1mJ5RewJoAVhVe87mdxuZxRPuYuHrt4ytahTkm0XyeM2vb6wex173b7bDhxZdvk6r206o111/R4aOQRiYmLRek9N68a2ha+1dxjfY9Z4ZK8L19Pn6lVesG5tss1dxXlHC8edQXgeaWi9YtWdYmNYl6FAAAAAAAAAAAAAAAAAAAAAAAAAAAAAAAAAAAAAAAAAAAAAAAAAAAAAAAAAAAAAAHL3DPO32+TLHOtZ09bqRvfI12OXTyj7QVTHXSsRPPxeyAQIma2i9Zmto5TWdJBRjhWJmePOZmfFZ+w4px7KkzztNr/TKtY8Ft3lrtqc7fFPlXxXbHSMdYpXlWIiP0IPYApzUOkTSbVnnW1o+tfFQ7ttp226tP7GX36z6fGBHHFaxOsRESyADEx1RpPiyxa0ViZnwBZvy/ltk2dYtzpM0+hKo7smCcGzpFudtbz/AFJEUAAAAAAAAAAAAAAAAAAAAAAAAAAAAAAAAAAAAAAAAAAAAAAAAAAAAAAAAAAAAAAadzhjPivin9qs1bmBFFrE11pbhas9Mx6mVm7j2em7n5lJ6Mv73hPrhCX7VvaTp8uL+mlo+8HIaTa0UpHVe3CKw7sfZd5lnSYrjjzmdZ+iE727tmPY11r72SfivPP9UA8dq7ZGyrNr8ct/in7od+TJXHWb3nSsRrMy9tebFXNS2O8a1tGkiuCO+bW0zFJtbSNZ6aWnh9DX/wDQbaeNYvMfyo/P2LcYNZwW668tNem2nl5S4Me3y3vOKmO03r8VdOXrBZNv3nb58kYo6q2ty6o5uje7Km9xTiyeuJ8p80Z2/sl6Xrn3ExrWda0ry19Mp0FJ3W2y7G3Tnjh4ZI+GWmL1nlML3asWjS0ax5S4rdo2dp1nDXX1AqFstK85d/be2X3t4yZazXBWdePOyyYu37bDOuPFWJ9TqBiGQAAAAAAAAAAAAAAAAAAAAAAAAAAAAAAAAAAAAAAAAAAAAAAAAAAAAAAAAAAAAAAAABhkYmdOMgNebcY8EdWW0Uj+KdETbu3+Xn/xdtaKRPD5tvH0Vjzbs+023bsN9zePmZIj4snvTNgbZ7ztI+G/V/JE2+w/E4v/AMWLLf8Ao0+3RAdr7jbt95+Z72K/G2nOtvOPQmO6d3xVwTXBeL3yRpXpnlE85lA2+/3Hcon/ABYrjrE9NrWnW0f0x7Wz8MvtZ+btba3n/ljJ+36fRP1K3s9xfYZIy4ePDS1P3o9qT3/fJ3OP5WCtqdXx2tziPKAdm271bPFunDe00npt8uYtH3N2Tus4qTe+DLFYjWZmscPrV/t27/D88X0n5do6LxH1S6O69znfT8vHExhjjOvCbT7AS2Du1txSMmLBktWfH3fa2R3bFSdM9b4p/wDZXh9Mawi+wb2MGS22vOlbz1UmfPxh39z7zjwxOHFpkyTz8a19fsBJ1tFo6qzrE8ph6UzZ77LsJ6qz1Umdb08PXXy9S34c1c9K5KTrW0awo2AAAAAAAAAAAAAAAAAAAAAAAAAAAAAAAAAAAAAAAAAAAAAAAAAAAAAAAAAAAAAAAAAAIP8AMO7tSldtSdJyazaf4Y9qcVb8wTNd3SbfD0Tp9IIyccadPl9Tdl3GfcVrTNeb1pxrE/fPi922e4rgnczTTHHHj8Wnno0c+IgxFYjjEaMfMrPiza0VjWQZG/Psdzt8UZ8tNKTz0njXXzc8zpp4zPCIjxBkbdztM+0its9YiLeMTrpPlLXFbXtFKRra06VgHm1YtGklaxWNIjRv3ezzbKYjPEaW5Wry18paqY7Zr1xY/ivPTHtBhOflvLM0yYZ5UtrX1W/0c3c+zTs8fz8NrWrX/ki3l5w6Py1jmaZc3he0RX+n/UVPMgAAAAAAAAAAAAAAAAAAAAAAAAAAAAAAAAAAAAAAAAAAAAAAAAAAAAAAAAAAAAAAAAAj+57KdzWt6RE5cU9dItyn+GfWkAHFg7hg3tLYrT0XmOm+O/CY9qudr7dbeZZxX1+VimYvb97SeEe1Z9zsdvup1zUi0x4+Lk/AtpHw1tX+W9o+9B073t2PcbadvWIrpHueiY5K52bBXNn69xMVrh8LTzv+pNfge0njMWn15LPdeybKv/VE+vWQbt1udpmx2xXy00tEx8UK52KcEZpy7i9Y+V7tNZ5z+8sVe2bSvLDT+2Hr8P23/ip/aDn3262W7w2w2y096OHvcp8EX+XvkVmc+e9YyfBWJtHLxn9P2JyNhto5Yqf2w8z23aW54af2iPe7pg32G2GbVmLRwmJjhPhKvdhpFdxfJnmK/Jjo4zp70z7I+tM27Lsp/wCqI9WsfY807Fsqzr8vX+aZkVr3G+t3DXbbKOqs8L5pj3ax46ecpHbbem2x1w4/hrGjZSlaR00iIrHhD0oAAAAAAAAAAAAAAAAAAAAAAAAAAAAAAAAAAAAAAAAAAAAAAAAAAAAAAAAAAAAAAAAAAAAAAAAAAAAAAAAAAAAAAAAAAAAAAAAAAAAAAAAAAAAAAAAAAAAAAAAAAAAAAAAAAAAAAAAAAAAAAAAAAAAAAAAAAAAAAAAAAAAAAAAAAAAAAAAAAAAAAAAAAAAAAAAAAAAAAAAAAAAAAAAAAAAAAAAAAAAAAAAAAAAAAAAAAAAAAAAAAAAAAAAAAAAAAAAAAAAAAAAAAAAAAAAAAAAAAAAAAAAAAAAAAAAAAAAAAAAAAAAAAAAAAAAAAAAAAAAAAAAAAAAAAAAAAAAAAAAAAAAAAAAAAAAAAAAAAAAAAAAAAAAAAAAAAAAAAAAAAAAAAAAAAAAAAAAAAAAAAAAAAAAAAAAAAAAAAAAAAAAAAAAAAAAAAAAAAAAAAAAAAAAAAAAAAAAAAAAAAAAAAAAAAAAAAAAAAAAAAAAAAAAAAAAAAAAAAAAAAAAAAAAAAAAAAAAAAAAAAAAAAAAAAAAAAAAAAAAAAAAAAAAAAAAAAAAAAAAAAAAAAAAAAAAAAAAAAAAAAAAAAAAAAAAAAAAAAAAAAAAAAAAAAAAAAAAAAAAAAAAAAAAAAAAAAAAAAAAAAAAAAAAAAAAAAAAAAAAAAAAAAAA//9k=', 1279976691205248, 1557025248752, 1557025248752, 0);
INSERT INTO attachments (user_id, resource_id, size, width, height, name, mime, id, created_at, updated_at, version) VALUES (1279976691204128, 1279976691205248, 4233, 640, 360, 'img-11', 'image/jpeg', 1279976691205280, 1557025248752, 1557025248752, 0);



CREATE TABLE topics (
  id BIGINT NOT NULL,
  locked BOOL NOT NULL,
  board_id BIGINT NOT NULL,
  created_at BIGINT NOT NULL,
  ref_id BIGINT NOT NULL,
  reply_number BIGINT NOT NULL,
  updated_at BIGINT NOT NULL,
  user_id BIGINT NOT NULL,
  version BIGINT NOT NULL,
  ref_type VARCHAR(50) NOT NULL,
  name VARCHAR(100) NOT NULL,
  user_name VARCHAR(100) NOT NULL,
  user_imageUrl VARCHAR(1000) NOT NULL,
  content TEXT NOT NULL,
  INDEX IDX_board_id (board_id),
  INDEX IDX_ref_id (ref_id),
  INDEX IDX_updated_at (updated_at),
  PRIMARY KEY(id)
) Engine=INNODB DEFAULT CHARSET=UTF8MB4;



CREATE TABLE replies (
  id BIGINT NOT NULL,
  created_at BIGINT NOT NULL,
  topic_id BIGINT NOT NULL,
  updated_at BIGINT NOT NULL,
  user_id BIGINT NOT NULL,
  version BIGINT NOT NULL,
  user_name VARCHAR(100) NOT NULL,
  user_imageUrl VARCHAR(1000) NOT NULL,
  content TEXT NOT NULL,
  INDEX IDX_topic_id (topic_id),
  PRIMARY KEY(id)
) Engine=INNODB DEFAULT CHARSET=UTF8MB4;



INSERT INTO topics (board_id, user_id, user_name, user_imageUrl, ref_type, ref_id, reply_number, locked, name, content, id, created_at, updated_at, version) VALUES (1279976691205696, 1279976691204384, 'subscriber', '/static/img/user.png', 'NONE', 0, 0, false, 'nonumy auctor blandit.1', 'fugit ante mediocritatem ullamcorper adhuc errem suspendisse vitae iriure aptent facilisi pharetra signiferumque dis affert integer quod ocurreret adolescens verterem interpretaris dolor epicuri rhoncus mazim tamquam ante intellegebat hinc adipisci taciti ubique labores mnesarchum senserit massa populo vitae nascetur dico dicam dicam expetenda eleifend ne honestatis recteque melius agam conclusionemque.', 1279976691205728, 1557025248736, 1557025248736, 0);
INSERT INTO topics (board_id, user_id, user_name, user_imageUrl, ref_type, ref_id, reply_number, locked, name, content, id, created_at, updated_at, version) VALUES (1279976691205696, 1279976691204384, 'subscriber', '/static/img/user.png', 'NONE', 0, 1, false, 'pri.2', 'viverra dolorem vocibus elit fusce tale signiferumque habitant verterem lectus lectus primis massa veritus semper ante iriure eam interpretaris principes turpis conclusionemque dignissim vituperata natoque.', 1279976691205760, 1557021648736, 1557021648736, 0);
INSERT INTO replies (topic_id, user_id, user_name, user_imageUrl, content, id, created_at, updated_at, version) VALUES (1279976691205760, 1279976691204384, 'subscriber', '/static/img/user.png', 'elementum laoreet deserunt eius lacus epicuri facilisi tristique vis facilisi iudicabit consetetur docendi eripuit malorum porta iusto egestas suspendisse elit.', 1279976691208416, 1557021588736, 1557021588736, 0);
INSERT INTO topics (board_id, user_id, user_name, user_imageUrl, ref_type, ref_id, reply_number, locked, name, content, id, created_at, updated_at, version) VALUES (1279976691205696, 1279976691204384, 'subscriber', '/static/img/user.png', 'NONE', 0, 2, false, 'pretium.3', 'alia fabulas curae quem vivamus nibh suspendisse accumsan scripta ipsum laudem pro postulant adversarium habeo tractatos equidem expetenda cetero a tale morbi augue singulis varius.', 1279976691205792, 1557018048736, 1557018048736, 0);
INSERT INTO replies (topic_id, user_id, user_name, user_imageUrl, content, id, created_at, updated_at, version) VALUES (1279976691205792, 1279976691204384, 'subscriber', '/static/img/user.png', 'equidem purus elementum dis tantas leo scripta quisque idque error expetenda ullamcorper alterum massa elit referrentur delenit fastidii constituto mutat volumus libero iudicabit dictumst lectus nullam rhoncus veritus corrumpit.', 1279976691208448, 1557017988736, 1557017988736, 0);
INSERT INTO replies (topic_id, user_id, user_name, user_imageUrl, content, id, created_at, updated_at, version) VALUES (1279976691205792, 1279976691204384, 'subscriber', '/static/img/user.png', 'utinam cursus dissentiunt natum.', 1279976691208480, 1557014388736, 1557014388736, 0);
INSERT INTO topics (board_id, user_id, user_name, user_imageUrl, ref_type, ref_id, reply_number, locked, name, content, id, created_at, updated_at, version) VALUES (1279976691205696, 1279976691204384, 'subscriber', '/static/img/user.png', 'NONE', 0, 3, false, 'lorem sumo alienum.4', 'erat solum in pericula tamquam rutrum mediocritatem.', 1279976691205824, 1557014448736, 1557014448736, 0);
INSERT INTO replies (topic_id, user_id, user_name, user_imageUrl, content, id, created_at, updated_at, version) VALUES (1279976691205824, 1279976691204384, 'subscriber', '/static/img/user.png', 'amet delicata leo pretium.', 1279976691208512, 1557014388736, 1557014388736, 0);
INSERT INTO replies (topic_id, user_id, user_name, user_imageUrl, content, id, created_at, updated_at, version) VALUES (1279976691205824, 1279976691204384, 'subscriber', '/static/img/user.png', 'saperet solet quisque an usu congue curabitur quot alia maiestatis pericula adhuc bibendum cum cursus delicata suavitate nonumes netus homero massa veniam qualisque salutatus verterem scelerisque repudiandae eloquentiam.', 1279976691208544, 1557010788736, 1557010788736, 0);
INSERT INTO replies (topic_id, user_id, user_name, user_imageUrl, content, id, created_at, updated_at, version) VALUES (1279976691205824, 1279976691204384, 'subscriber', '/static/img/user.png', 'dissentiunt amet libero lorem pellentesque veri rhoncus.', 1279976691208576, 1557007188736, 1557007188736, 0);
INSERT INTO topics (board_id, user_id, user_name, user_imageUrl, ref_type, ref_id, reply_number, locked, name, content, id, created_at, updated_at, version) VALUES (1279976691205696, 1279976691204384, 'subscriber', '/static/img/user.png', 'NONE', 0, 4, false, 'lectus sapientem.5', 'cubilia metus volutpat ei natum nunc graeco maluisset eam comprehensam evertitur volumus quaestio agam metus sententiae saperet natoque tamquam.', 1279976691205856, 1557010848736, 1557010848736, 0);
INSERT INTO replies (topic_id, user_id, user_name, user_imageUrl, content, id, created_at, updated_at, version) VALUES (1279976691205856, 1279976691204384, 'subscriber', '/static/img/user.png', 'similique quas prompta dolor autem dicant dicant numquam scripta ea consequat magnis delectus non indoctum sem nihil eripuit vocibus natum audire errem quis habitant dolores intellegebat egestas tellus tation quaerendum cum mauris.', 1279976691208608, 1557010788736, 1557010788736, 0);
INSERT INTO replies (topic_id, user_id, user_name, user_imageUrl, content, id, created_at, updated_at, version) VALUES (1279976691205856, 1279976691204384, 'subscriber', '/static/img/user.png', 'viris.', 1279976691208640, 1557007188736, 1557007188736, 0);
INSERT INTO replies (topic_id, user_id, user_name, user_imageUrl, content, id, created_at, updated_at, version) VALUES (1279976691205856, 1279976691204384, 'subscriber', '/static/img/user.png', 'antiopam dis volutpat falli doming ancillae inceptos in definitiones ius veri elitr putent consequat dolor suavitate vix nominavi.', 1279976691208672, 1557003588736, 1557003588736, 0);
INSERT INTO replies (topic_id, user_id, user_name, user_imageUrl, content, id, created_at, updated_at, version) VALUES (1279976691205856, 1279976691204384, 'subscriber', '/static/img/user.png', 'tractatos tamquam sem suscipiantur posidonium principes duo delicata pri habemus convenire.', 1279976691208704, 1556999988736, 1556999988736, 0);
INSERT INTO topics (board_id, user_id, user_name, user_imageUrl, ref_type, ref_id, reply_number, locked, name, content, id, created_at, updated_at, version) VALUES (1279976691205696, 1279976691204384, 'subscriber', '/static/img/user.png', 'NONE', 0, 5, false, 'dicit euripidis agam.6', 'wisi vulputate iudicabit eruditi nominavi ludus qui maximus consectetuer atomorum sapien egestas vituperata pro adipiscing orci accusata penatibus posuere convallis electram felis dicunt tamquam invidunt quem justo sollicitudin affert ut libero mucius vocibus felis conclusionemque noluisse malesuada ludus tale quod dicunt te at splendide dicam lobortis.', 1279976691205888, 1557007248736, 1557007248736, 0);
INSERT INTO replies (topic_id, user_id, user_name, user_imageUrl, content, id, created_at, updated_at, version) VALUES (1279976691205888, 1279976691204384, 'subscriber', '/static/img/user.png', 'libris sapientem varius ferri conceptam dolorem signiferumque aliquid nostra vivamus nulla interesset solum tractatos malesuada dicta pharetra vivendo putent eius nec dolores lobortis ignota oporteat sit sententiae mel cum suscipiantur eum.', 1279976691208736, 1557007188736, 1557007188736, 0);
INSERT INTO replies (topic_id, user_id, user_name, user_imageUrl, content, id, created_at, updated_at, version) VALUES (1279976691205888, 1279976691204384, 'subscriber', '/static/img/user.png', 'conclusionemque natoque oratio tincidunt mattis aliquam non viverra.', 1279976691208768, 1557003588736, 1557003588736, 0);
INSERT INTO replies (topic_id, user_id, user_name, user_imageUrl, content, id, created_at, updated_at, version) VALUES (1279976691205888, 1279976691204384, 'subscriber', '/static/img/user.png', 'vocibus donec atomorum ubique suscipit curabitur netus platonem signiferumque pharetra ligula oporteat tempus suscipit tamquam.', 1279976691208800, 1556999988736, 1556999988736, 0);
INSERT INTO replies (topic_id, user_id, user_name, user_imageUrl, content, id, created_at, updated_at, version) VALUES (1279976691205888, 1279976691204384, 'subscriber', '/static/img/user.png', 'vel aeque vocent ferri utinam decore nonumes auctor nascetur etiam ponderum augue eripuit vim tantas interpretaris gloriatur suavitate vero mollis alia legere mel ne inimicus inciderint aliquid docendi tritani ex efficitur laudem lobortis eu conceptam epicuri accusata possim sumo pericula dicam adipisci lacinia.', 1279976691208832, 1556996388736, 1556996388736, 0);
INSERT INTO replies (topic_id, user_id, user_name, user_imageUrl, content, id, created_at, updated_at, version) VALUES (1279976691205888, 1279976691204384, 'subscriber', '/static/img/user.png', 'doming tincidunt harum accumsan suavitate causae deterruisset an finibus sadipscing fusce quisque mediocrem posse perpetua principes aliquid quaeque velit mi propriae persequeris platea maiorum ei posse posse parturient persius quis signiferumque oporteat postulant iuvaret sale nunc ocurreret his.', 1279976691208864, 1556992788736, 1556992788736, 0);
INSERT INTO topics (board_id, user_id, user_name, user_imageUrl, ref_type, ref_id, reply_number, locked, name, content, id, created_at, updated_at, version) VALUES (1279976691205696, 1279976691204384, 'subscriber', '/static/img/user.png', 'NONE', 0, 6, false, 'quis accumsan.7', 'cu necessitatibus interpretaris interdum alterum nam dicat vituperata morbi interesset id impetus alienum platea voluptaria ligula ei civibus accumsan has te viris dui odio inciderint bibendum adolescens appareat sapien dictumst sapientem suas epicuri natoque primis.', 1279976691205920, 1557003648736, 1557003648736, 0);
INSERT INTO replies (topic_id, user_id, user_name, user_imageUrl, content, id, created_at, updated_at, version) VALUES (1279976691205920, 1279976691204384, 'subscriber', '/static/img/user.png', 'fabulas corrumpit dictas pretium natum pri sale ei inceptos expetenda deterruisset est mandamus altera primis vituperatoribus errem atqui interesset tale sapien patrioque velit unum error consectetur qui his mucius dicant adhuc voluptatum vel eam dui maecenas per iriure volutpat consetetur ad deterruisset inani voluptaria consectetuer.', 1279976691208896, 1557003588736, 1557003588736, 0);
INSERT INTO replies (topic_id, user_id, user_name, user_imageUrl, content, id, created_at, updated_at, version) VALUES (1279976691205920, 1279976691204384, 'subscriber', '/static/img/user.png', 'nobis quaerendum pericula semper vocent usu sociosqu novum odio vestibulum similique expetenda ullamcorper conubia quod dissentiunt has pro evertitur morbi euismod eius dignissim mutat sociosqu regione atomorum hendrerit iusto mandamus vulputate magna scripserit consectetuer.', 1279976691208928, 1556999988736, 1556999988736, 0);
INSERT INTO replies (topic_id, user_id, user_name, user_imageUrl, content, id, created_at, updated_at, version) VALUES (1279976691205920, 1279976691204384, 'subscriber', '/static/img/user.png', 'eum.', 1279976691208960, 1556996388736, 1556996388736, 0);
INSERT INTO replies (topic_id, user_id, user_name, user_imageUrl, content, id, created_at, updated_at, version) VALUES (1279976691205920, 1279976691204384, 'subscriber', '/static/img/user.png', 'pulvinar recteque patrioque equidem eripuit vivamus ligula dictum ipsum dictum eirmod possim postulant quo mel fusce ultrices fermentum pri conclusionemque urna nunc dictas elaboraret populo expetendis tincidunt veri graece duis ad voluptatibus sale tacimates morbi esse aenean falli legimus habitant phasellus pertinacia homero risus.', 1279976691208992, 1556992788736, 1556992788736, 0);
INSERT INTO replies (topic_id, user_id, user_name, user_imageUrl, content, id, created_at, updated_at, version) VALUES (1279976691205920, 1279976691204384, 'subscriber', '/static/img/user.png', 'himenaeos homero commune ponderum explicari quisque indoctum consectetur atqui iriure aliquet mediocritatem inimicus quot viris menandri graeci a facilisi atqui.', 1279976691209024, 1556989188736, 1556989188736, 0);
INSERT INTO replies (topic_id, user_id, user_name, user_imageUrl, content, id, created_at, updated_at, version) VALUES (1279976691205920, 1279976691204384, 'subscriber', '/static/img/user.png', 'mollis saepe alterum legere tamquam graeco iuvaret conclusionemque sed feugiat saepe condimentum maluisset sodales discere erroribus.', 1279976691209056, 1556985588736, 1556985588736, 0);
INSERT INTO topics (board_id, user_id, user_name, user_imageUrl, ref_type, ref_id, reply_number, locked, name, content, id, created_at, updated_at, version) VALUES (1279976691205696, 1279976691204384, 'subscriber', '/static/img/user.png', 'NONE', 0, 7, false, 'risus verterem posuere.8', 'errem eum platonem pericula graeci brute vestibulum massa mazim tantas facilisi similique erat pro ludus debet eius brute volutpat risus viverra consetetur dolore lobortis sonet mei conceptam ut mollis utamur felis perpetua falli omittam duo luctus minim reprehendunt disputationi falli magna impetus vel quod iusto definitiones propriae eius eu doctus.', 1279976691205952, 1557000048737, 1557000048737, 0);
INSERT INTO replies (topic_id, user_id, user_name, user_imageUrl, content, id, created_at, updated_at, version) VALUES (1279976691205952, 1279976691204384, 'subscriber', '/static/img/user.png', 'vituperatoribus salutatus vituperata id doctus delicata ridens quaestio patrioque quam ludus venenatis epicurei est quaerendum persecuti quod saperet reprehendunt dapibus deseruisse menandri expetenda detracto leo.', 1279976691209088, 1556999988737, 1556999988737, 0);
INSERT INTO replies (topic_id, user_id, user_name, user_imageUrl, content, id, created_at, updated_at, version) VALUES (1279976691205952, 1279976691204384, 'subscriber', '/static/img/user.png', 'libero sociis dolorem dictumst veniam hendrerit pro animal senserit prodesset magnis doctus augue mi legimus arcu senectus placerat vidisse nonumes nullam tibique ludus ius iisque mi eloquentiam nec conubia usu quod nisi sociosqu maluisset persecuti evertitur nobis senserit imperdiet meliore signiferumque porta sale no nullam.', 1279976691209120, 1556996388737, 1556996388737, 0);
INSERT INTO replies (topic_id, user_id, user_name, user_imageUrl, content, id, created_at, updated_at, version) VALUES (1279976691205952, 1279976691204384, 'subscriber', '/static/img/user.png', 'liber commodo porta id efficiantur tacimates laoreet non falli quas senectus aperiri alienum.', 1279976691209152, 1556992788737, 1556992788737, 0);
INSERT INTO replies (topic_id, user_id, user_name, user_imageUrl, content, id, created_at, updated_at, version) VALUES (1279976691205952, 1279976691204384, 'subscriber', '/static/img/user.png', 'has justo elitr erat idque consectetur quaerendum ferri appetere unum nec cubilia purus condimentum numquam petentium consectetuer vitae fringilla.', 1279976691209184, 1556989188737, 1556989188737, 0);
INSERT INTO replies (topic_id, user_id, user_name, user_imageUrl, content, id, created_at, updated_at, version) VALUES (1279976691205952, 1279976691204384, 'subscriber', '/static/img/user.png', 'altera repudiandae theophrastus euripidis vis wisi mutat volumus fames aliquip.', 1279976691209216, 1556985588737, 1556985588737, 0);
INSERT INTO replies (topic_id, user_id, user_name, user_imageUrl, content, id, created_at, updated_at, version) VALUES (1279976691205952, 1279976691204384, 'subscriber', '/static/img/user.png', 'detracto partiendo electram has turpis prompta affert atqui saperet disputationi tacimates nulla venenatis morbi oporteat postea numquam sociis necessitatibus scelerisque pri.', 1279976691209248, 1556981988737, 1556981988737, 0);
INSERT INTO replies (topic_id, user_id, user_name, user_imageUrl, content, id, created_at, updated_at, version) VALUES (1279976691205952, 1279976691204384, 'subscriber', '/static/img/user.png', 'donec iusto mollis vel habitasse lacinia condimentum ridens interpretaris quisque posidonium nostra quo curabitur pertinax omnesque doctus mucius vim iriure elementum suscipit mus appareat option deserunt verear mediocrem facilisis nullam quot appetere accusata ancillae nibh viverra veritus aliquam senectus.', 1279976691209280, 1556978388737, 1556978388737, 0);
INSERT INTO topics (board_id, user_id, user_name, user_imageUrl, ref_type, ref_id, reply_number, locked, name, content, id, created_at, updated_at, version) VALUES (1279976691205696, 1279976691204384, 'subscriber', '/static/img/user.png', 'NONE', 0, 8, false, 'dui eruditi.9', 'evertitur mattis egestas mus lorem sed faucibus aliquam civibus tale est alterum legere aperiri solum maximus facilis repudiare habitant laudem netus quaestio delicata tamquam posse nominavi solet iusto viderer cu tellus aliquet nominavi debet dictas dicam in purus simul definitionem.', 1279976691205984, 1556996448737, 1556996448737, 0);
INSERT INTO replies (topic_id, user_id, user_name, user_imageUrl, content, id, created_at, updated_at, version) VALUES (1279976691205984, 1279976691204384, 'subscriber', '/static/img/user.png', 'inceptos vestibulum singulis periculis comprehensam mentitum taciti vitae tation torquent postea sapien tellus consectetuer oratio placerat voluptatibus posse novum tacimates conclusionemque iisque possit mus persequeris id deterruisset vitae inciderint habeo laudem parturient massa eruditi suas vis dui libero adipiscing.', 1279976691209312, 1556996388737, 1556996388737, 0);
INSERT INTO replies (topic_id, user_id, user_name, user_imageUrl, content, id, created_at, updated_at, version) VALUES (1279976691205984, 1279976691204384, 'subscriber', '/static/img/user.png', 'detracto dolore nonumy comprehensam arcu has quaerendum justo netus epicuri pri ea quaeque partiendo patrioque laoreet invidunt sem litora senectus periculis signiferumque noluisse conceptam tellus tibique a class ornare quidam mentitum vidisse homero eleifend eirmod viverra suspendisse scripserit facilisis patrioque assueverit sententiae faucibus prompta ad oratio senectus signiferumque auctor.', 1279976691209344, 1556992788737, 1556992788737, 0);
INSERT INTO replies (topic_id, user_id, user_name, user_imageUrl, content, id, created_at, updated_at, version) VALUES (1279976691205984, 1279976691204384, 'subscriber', '/static/img/user.png', 'honestatis invenire nominavi lacus erat enim singulis convallis quisque.', 1279976691209376, 1556989188737, 1556989188737, 0);
INSERT INTO replies (topic_id, user_id, user_name, user_imageUrl, content, id, created_at, updated_at, version) VALUES (1279976691205984, 1279976691204384, 'subscriber', '/static/img/user.png', 'consectetuer vituperata debet antiopam dicat doctus dicant definitiones legere novum atomorum erroribus pellentesque saepe euismod volutpat ridiculus iudicabit in nulla mollis maximus periculis ac prodesset consul option morbi natum mucius vis eripuit nostrum possim pericula.', 1279976691209408, 1556985588737, 1556985588737, 0);
INSERT INTO replies (topic_id, user_id, user_name, user_imageUrl, content, id, created_at, updated_at, version) VALUES (1279976691205984, 1279976691204384, 'subscriber', '/static/img/user.png', 'voluptatibus hendrerit falli possit enim conceptam nec per quod fastidii proin fabulas eu odio omittam pri audire aptent accommodare placerat cetero rhoncus harum mattis cu.', 1279976691209440, 1556981988737, 1556981988737, 0);
INSERT INTO replies (topic_id, user_id, user_name, user_imageUrl, content, id, created_at, updated_at, version) VALUES (1279976691205984, 1279976691204384, 'subscriber', '/static/img/user.png', 'veritus odio unum graece eam deterruisset eros tractatos lectus aeque sociosqu inceptos vidisse sem ornare sumo reprimique massa fusce populo quidam fabulas aenean idque discere ea sodales porro alienum tincidunt petentium sit vis consul mauris dolore agam pertinax conclusionemque primis vivamus doctus.', 1279976691209472, 1556978388737, 1556978388737, 0);
INSERT INTO replies (topic_id, user_id, user_name, user_imageUrl, content, id, created_at, updated_at, version) VALUES (1279976691205984, 1279976691204384, 'subscriber', '/static/img/user.png', 'eum rutrum fabulas dicam tempus possit accumsan.', 1279976691209504, 1556974788737, 1556974788737, 0);
INSERT INTO replies (topic_id, user_id, user_name, user_imageUrl, content, id, created_at, updated_at, version) VALUES (1279976691205984, 1279976691204384, 'subscriber', '/static/img/user.png', 'rhoncus equidem gubergren arcu constituam lobortis vituperata appareat urbanitas ligula accommodare solum dico solet nisl phasellus referrentur vituperatoribus erroribus tale sanctus scripserit nihil splendide feugait dis commune adhuc voluptatibus definiebas eam no omittantur feugait gubergren nisl porttitor blandit turpis regione congue populo elit nonumy.', 1279976691209536, 1556971188737, 1556971188737, 0);
INSERT INTO topics (board_id, user_id, user_name, user_imageUrl, ref_type, ref_id, reply_number, locked, name, content, id, created_at, updated_at, version) VALUES (1279976691205696, 1279976691204384, 'subscriber', '/static/img/user.png', 'NONE', 0, 9, false, 'facilis quisque nam.10', 'veniam doming tincidunt epicuri tale leo gubergren ornare quas lorem dicunt eius equidem recteque suas cras principes eget conubia pri luptatum honestatis gloriatur mollis delectus dolorum expetendis ludus regione alterum bibendum referrentur erat tacimates invenire nam proin litora affert velit.', 1279976691206016, 1556992848737, 1556992848737, 0);
INSERT INTO replies (topic_id, user_id, user_name, user_imageUrl, content, id, created_at, updated_at, version) VALUES (1279976691206016, 1279976691204384, 'subscriber', '/static/img/user.png', 'ac congue dolor pretium mi definitionem quem natum gloriatur habitant integer sonet tortor sociosqu commune disputationi reprehendunt tation principes viris maecenas eleifend corrumpit eu eloquentiam luptatum nostra constituto tibique purus luctus nobis eu pharetra sapientem.', 1279976691209568, 1556992788737, 1556992788737, 0);
INSERT INTO replies (topic_id, user_id, user_name, user_imageUrl, content, id, created_at, updated_at, version) VALUES (1279976691206016, 1279976691204384, 'subscriber', '/static/img/user.png', 'dolorum veniam finibus viris melius blandit veri pericula pharetra dictum ferri graecis.', 1279976691209600, 1556989188737, 1556989188737, 0);
INSERT INTO replies (topic_id, user_id, user_name, user_imageUrl, content, id, created_at, updated_at, version) VALUES (1279976691206016, 1279976691204384, 'subscriber', '/static/img/user.png', 'maiorum accusata tempor ullamcorper constituam lacinia vehicula numquam graece vocent potenti utamur feugait.', 1279976691209632, 1556985588737, 1556985588737, 0);
INSERT INTO replies (topic_id, user_id, user_name, user_imageUrl, content, id, created_at, updated_at, version) VALUES (1279976691206016, 1279976691204384, 'subscriber', '/static/img/user.png', 'repudiare tota.', 1279976691209664, 1556981988737, 1556981988737, 0);
INSERT INTO replies (topic_id, user_id, user_name, user_imageUrl, content, id, created_at, updated_at, version) VALUES (1279976691206016, 1279976691204384, 'subscriber', '/static/img/user.png', 'elaboraret imperdiet finibus augue.', 1279976691209696, 1556978388737, 1556978388737, 0);
INSERT INTO replies (topic_id, user_id, user_name, user_imageUrl, content, id, created_at, updated_at, version) VALUES (1279976691206016, 1279976691204384, 'subscriber', '/static/img/user.png', 'adversarium falli quo melius aliquet dolorum tortor placerat enim duis animal lobortis novum scelerisque viderer mazim persequeris natoque dolore eum tortor tellus maluisset habitant alia affert referrentur tincidunt aeque mediocritatem luptatum atqui quod eu cum interdum elit montes massa possim ocurreret eirmod eget himenaeos mucius vis magnis phasellus.', 1279976691209728, 1556974788737, 1556974788737, 0);
INSERT INTO replies (topic_id, user_id, user_name, user_imageUrl, content, id, created_at, updated_at, version) VALUES (1279976691206016, 1279976691204384, 'subscriber', '/static/img/user.png', 'adversarium velit intellegebat postea accumsan salutatus montes referrentur fabellas quidam pellentesque elaboraret salutatus persius ponderum sociis interesset fuisset cetero mentitum posuere delicata fastidii appareat prodesset nibh.', 1279976691209760, 1556971188737, 1556971188737, 0);
INSERT INTO replies (topic_id, user_id, user_name, user_imageUrl, content, id, created_at, updated_at, version) VALUES (1279976691206016, 1279976691204384, 'subscriber', '/static/img/user.png', 'inceptos primis constituam pro agam percipit dictumst sapien nonumes numquam orci erat viderer molestiae inciderint risus pri reprehendunt dicta vero proin ornare alterum ridens feugait porttitor.', 1279976691209792, 1556967588737, 1556967588737, 0);
INSERT INTO replies (topic_id, user_id, user_name, user_imageUrl, content, id, created_at, updated_at, version) VALUES (1279976691206016, 1279976691204384, 'subscriber', '/static/img/user.png', 'feugiat pellentesque eros sodales netus salutatus qualisque aeque delectus dolore cetero duis prompta ludus populo platonem bibendum dui neque no vestibulum.', 1279976691209824, 1556963988737, 1556963988737, 0);
INSERT INTO topics (board_id, user_id, user_name, user_imageUrl, ref_type, ref_id, reply_number, locked, name, content, id, created_at, updated_at, version) VALUES (1279976691205696, 1279976691204384, 'subscriber', '/static/img/user.png', 'NONE', 0, 10, false, 'est.11', 'velit iriure cras delenit neglegentur scripta intellegebat alterum ornare dictumst corrumpit placerat fames ridens vulputate dolorem aeque mnesarchum semper massa egestas tractatos quisque ullamcorper offendit mutat primis eloquentiam nibh vero legere ceteros fabulas ocurreret semper tantas noster suas persecuti quisque.', 1279976691206048, 1556989248737, 1556989248737, 0);
INSERT INTO replies (topic_id, user_id, user_name, user_imageUrl, content, id, created_at, updated_at, version) VALUES (1279976691206048, 1279976691204384, 'subscriber', '/static/img/user.png', 'patrioque tortor consectetuer ornatus detracto blandit saperet pericula cum wisi veritus luctus nec falli recteque recteque justo lobortis mollis sodales honestatis fabulas ac fusce mattis comprehensam sodales eos iuvaret integer quam vidisse minim pulvinar posse consetetur.', 1279976691209856, 1556989188737, 1556989188737, 0);
INSERT INTO replies (topic_id, user_id, user_name, user_imageUrl, content, id, created_at, updated_at, version) VALUES (1279976691206048, 1279976691204384, 'subscriber', '/static/img/user.png', 'maiestatis nobis sanctus pro conclusionemque menandri luptatum altera libris tantas mel qualisque percipit porta nulla metus sollicitudin inani maecenas signiferumque vituperatoribus congue populo eripuit epicurei qui constituto faucibus nostrum ancillae constituto phasellus.', 1279976691209888, 1556985588737, 1556985588737, 0);
INSERT INTO replies (topic_id, user_id, user_name, user_imageUrl, content, id, created_at, updated_at, version) VALUES (1279976691206048, 1279976691204384, 'subscriber', '/static/img/user.png', 'legimus ultricies ancillae fabulas a mutat pulvinar condimentum vis cubilia sit ut adhuc explicari salutatus populo viverra inceptos dico inceptos alia utroque duo dolores porta nihil quo urna adipiscing consequat instructior.', 1279976691209920, 1556981988737, 1556981988737, 0);
INSERT INTO replies (topic_id, user_id, user_name, user_imageUrl, content, id, created_at, updated_at, version) VALUES (1279976691206048, 1279976691204384, 'subscriber', '/static/img/user.png', 'convallis pri dicit repudiare usu dictas definitionem inceptos eu volumus mei prompta scripta saperet interpretaris causae cum splendide dicunt varius platonem ornare vim lectus iusto tacimates.', 1279976691209952, 1556978388737, 1556978388737, 0);
INSERT INTO replies (topic_id, user_id, user_name, user_imageUrl, content, id, created_at, updated_at, version) VALUES (1279976691206048, 1279976691204384, 'subscriber', '/static/img/user.png', 'mei quisque egestas deterruisset fastidii assueverit senserit sadipscing porta habitasse epicuri his quis electram eruditi ferri non.', 1279976691209984, 1556974788737, 1556974788737, 0);
INSERT INTO replies (topic_id, user_id, user_name, user_imageUrl, content, id, created_at, updated_at, version) VALUES (1279976691206048, 1279976691204384, 'subscriber', '/static/img/user.png', 'salutatus intellegat pellentesque tincidunt nisl posuere ornare reformidans laoreet tibique orci veniam te nominavi saperet vivendo lobortis tantas platea ignota simul postea dico justo blandit risus alia meliore adipisci justo suscipit error penatibus nec interesset.', 1279976691210016, 1556971188737, 1556971188737, 0);
INSERT INTO replies (topic_id, user_id, user_name, user_imageUrl, content, id, created_at, updated_at, version) VALUES (1279976691206048, 1279976691204384, 'subscriber', '/static/img/user.png', 'ceteros voluptatum quaeque purus nostra nibh quis wisi interdum omnesque alia fuisset antiopam referrentur.', 1279976691210048, 1556967588737, 1556967588737, 0);
INSERT INTO replies (topic_id, user_id, user_name, user_imageUrl, content, id, created_at, updated_at, version) VALUES (1279976691206048, 1279976691204384, 'subscriber', '/static/img/user.png', 'adipiscing non qualisque luptatum antiopam mediocritatem adolescens decore morbi voluptatibus sale nulla maiorum hendrerit repudiare euripidis condimentum malesuada dictas fabellas dictum.', 1279976691210080, 1556963988737, 1556963988737, 0);
INSERT INTO replies (topic_id, user_id, user_name, user_imageUrl, content, id, created_at, updated_at, version) VALUES (1279976691206048, 1279976691204384, 'subscriber', '/static/img/user.png', 'faucibus habemus ferri verterem similique tota eros conceptam erroribus necessitatibus venenatis senectus sanctus eum utinam movet dui unum dicta et maiestatis theophrastus putent vim nec no agam saepe aliquam gloriatur netus cu alienum a utroque nec urbanitas intellegat singulis.', 1279976691210112, 1556960388737, 1556960388737, 0);
INSERT INTO replies (topic_id, user_id, user_name, user_imageUrl, content, id, created_at, updated_at, version) VALUES (1279976691206048, 1279976691204384, 'subscriber', '/static/img/user.png', 'elaboraret pretium vis theophrastus detracto lacus utamur vituperata ne adhuc percipit tation interpretaris delicata mi tamquam urbanitas turpis porttitor electram quot accumsan animal sem equidem sententiae mollis eum dictas vim.', 1279976691210144, 1556956788737, 1556956788737, 0);
INSERT INTO topics (board_id, user_id, user_name, user_imageUrl, ref_type, ref_id, reply_number, locked, name, content, id, created_at, updated_at, version) VALUES (1279976691205696, 1279976691204384, 'subscriber', '/static/img/user.png', 'NONE', 0, 11, false, 'gubergren odio.12', 'labores eruditi evertitur malorum theophrastus consectetuer salutatus mnesarchum facilisis utinam fames primis lacinia dico aliquip inceptos tation elit erroribus expetendis cras graeco consectetur omittantur iisque praesent novum mus nascetur alterum nisl aptent aenean litora mei proin vivendo petentium habitant platonem dicam tamquam mei constituto nostra deseruisse dignissim urna ante sapien.', 1279976691206080, 1556985648737, 1556985648737, 0);
INSERT INTO replies (topic_id, user_id, user_name, user_imageUrl, content, id, created_at, updated_at, version) VALUES (1279976691206080, 1279976691204384, 'subscriber', '/static/img/user.png', 'vix offendit ridiculus persecuti solum accumsan vituperatoribus purus periculis labores populo euismod dolorum vehicula unum rhoncus quaerendum pri nisi utroque scripserit equidem dis voluptaria omittam aliquip atomorum cetero suspendisse numquam adversarium oporteat himenaeos epicurei feugait vitae efficiantur tincidunt esse iaculis parturient nihil scelerisque repudiare detracto detracto ullamcorper mutat potenti.', 1279976691210176, 1556985588737, 1556985588737, 0);
INSERT INTO replies (topic_id, user_id, user_name, user_imageUrl, content, id, created_at, updated_at, version) VALUES (1279976691206080, 1279976691204384, 'subscriber', '/static/img/user.png', 'ridens alienum affert dicam voluptatibus conceptam aperiri primis qui qualisque quaerendum gubergren dico dictum suavitate oratio dicam brute explicari reprimique pro eros dui delenit suspendisse ut mutat condimentum pericula tota dicam ante dicunt eleifend tractatos option maiorum.', 1279976691210208, 1556981988737, 1556981988737, 0);
INSERT INTO replies (topic_id, user_id, user_name, user_imageUrl, content, id, created_at, updated_at, version) VALUES (1279976691206080, 1279976691204384, 'subscriber', '/static/img/user.png', 'ponderum quis sollicitudin mucius voluptatum utamur eget mi dolor rhoncus senectus leo impetus molestiae inani expetenda noster nominavi tantas has pretium cursus pharetra errem euismod atqui orci semper parturient parturient delenit tellus corrumpit suavitate arcu recteque.', 1279976691210240, 1556978388737, 1556978388737, 0);
INSERT INTO replies (topic_id, user_id, user_name, user_imageUrl, content, id, created_at, updated_at, version) VALUES (1279976691206080, 1279976691204384, 'subscriber', '/static/img/user.png', 'honestatis malesuada affert esse definitionem adversarium decore sale maiorum detracto.', 1279976691210272, 1556974788737, 1556974788737, 0);
INSERT INTO replies (topic_id, user_id, user_name, user_imageUrl, content, id, created_at, updated_at, version) VALUES (1279976691206080, 1279976691204384, 'subscriber', '/static/img/user.png', 'consectetuer pulvinar aptent gloriatur commune scelerisque suspendisse suspendisse suscipit dolorum sagittis expetenda quaerendum conubia possit venenatis ornatus ad graeci no eloquentiam nunc penatibus dictas volutpat eius senserit omittantur detracto ornatus mi maiorum aeque semper quam rhoncus nam graeco feugait scelerisque vis.', 1279976691210304, 1556971188737, 1556971188737, 0);
INSERT INTO replies (topic_id, user_id, user_name, user_imageUrl, content, id, created_at, updated_at, version) VALUES (1279976691206080, 1279976691204384, 'subscriber', '/static/img/user.png', 'viris corrumpit vivamus senectus quem consectetuer mnesarchum aliquam leo an fugit ludus duo postulant.', 1279976691210336, 1556967588737, 1556967588737, 0);
INSERT INTO replies (topic_id, user_id, user_name, user_imageUrl, content, id, created_at, updated_at, version) VALUES (1279976691206080, 1279976691204384, 'subscriber', '/static/img/user.png', 'malorum wisi utinam enim enim vitae signiferumque partiendo quaerendum menandri quot scripserit periculis legere sit taciti tacimates voluptatibus etiam quo mauris pulvinar inani verterem laudem posuere vituperata turpis has.', 1279976691210368, 1556963988737, 1556963988737, 0);
INSERT INTO replies (topic_id, user_id, user_name, user_imageUrl, content, id, created_at, updated_at, version) VALUES (1279976691206080, 1279976691204384, 'subscriber', '/static/img/user.png', 'mus congue lacinia molestie accusata sanctus propriae hinc interesset per ipsum possim discere deseruisse expetendis.', 1279976691210400, 1556960388737, 1556960388737, 0);
INSERT INTO replies (topic_id, user_id, user_name, user_imageUrl, content, id, created_at, updated_at, version) VALUES (1279976691206080, 1279976691204384, 'subscriber', '/static/img/user.png', 'auctor dictumst eum mei finibus populo inceptos accumsan quot quidam non.', 1279976691210432, 1556956788737, 1556956788737, 0);
INSERT INTO replies (topic_id, user_id, user_name, user_imageUrl, content, id, created_at, updated_at, version) VALUES (1279976691206080, 1279976691204384, 'subscriber', '/static/img/user.png', 'facilis conclusionemque veritus finibus mediocritatem fermentum cursus offendit facilisis ponderum molestie unum tantas placerat persequeris tation quam mentitum ad platea congue enim melius lobortis nunc falli tibique doming interdum reprimique tibique curabitur principes inceptos comprehensam nam sociosqu nonumy ridiculus noluisse pretium impetus pharetra turpis quaerendum conubia verterem vero veritus per.', 1279976691210464, 1556953188737, 1556953188737, 0);
INSERT INTO replies (topic_id, user_id, user_name, user_imageUrl, content, id, created_at, updated_at, version) VALUES (1279976691206080, 1279976691204384, 'subscriber', '/static/img/user.png', 'volumus feugait sadipscing libero recteque pulvinar eleifend idque vix nisl.', 1279976691210496, 1556949588737, 1556949588737, 0);
INSERT INTO topics (board_id, user_id, user_name, user_imageUrl, ref_type, ref_id, reply_number, locked, name, content, id, created_at, updated_at, version) VALUES (1279976691205696, 1279976691204384, 'subscriber', '/static/img/user.png', 'NONE', 0, 12, false, 'epicurei sagittis dissentiunt.13', 'magnis iaculis elitr legere eirmod donec discere dictumst option idque malesuada principes causae deseruisse.', 1279976691206112, 1556982048737, 1556982048737, 0);
INSERT INTO replies (topic_id, user_id, user_name, user_imageUrl, content, id, created_at, updated_at, version) VALUES (1279976691206112, 1279976691204384, 'subscriber', '/static/img/user.png', 'non sociosqu eget mei quis mei elaboraret etiam id omnesque pharetra error ocurreret constituam dictumst melius dicta sagittis iaculis turpis semper delicata corrumpit senectus no necessitatibus lobortis per necessitatibus debet repudiandae sociosqu magnis quaestio velit.', 1279976691210528, 1556981988737, 1556981988737, 0);
INSERT INTO replies (topic_id, user_id, user_name, user_imageUrl, content, id, created_at, updated_at, version) VALUES (1279976691206112, 1279976691204384, 'subscriber', '/static/img/user.png', 'moderatius finibus voluptatum tortor mnesarchum voluptatibus persius maximus errem corrumpit eloquentiam unum deseruisse ultrices suscipit feugiat impetus libero vehicula esse gloriatur scelerisque graece expetendis eum consul epicurei dicunt mea postea maecenas tempor.', 1279976691210560, 1556978388737, 1556978388737, 0);
INSERT INTO replies (topic_id, user_id, user_name, user_imageUrl, content, id, created_at, updated_at, version) VALUES (1279976691206112, 1279976691204384, 'subscriber', '/static/img/user.png', 'taciti possit fuisset detraxit eirmod omittam parturient accumsan tibique singulis decore efficitur malesuada habitant persius blandit urbanitas aliquip.', 1279976691210592, 1556974788737, 1556974788737, 0);
INSERT INTO replies (topic_id, user_id, user_name, user_imageUrl, content, id, created_at, updated_at, version) VALUES (1279976691206112, 1279976691204384, 'subscriber', '/static/img/user.png', 'cubilia periculis aliquip hac expetendis viris posidonium offendit curabitur equidem altera conubia sonet ocurreret magna cursus mandamus malesuada diam animal etiam falli efficiantur conceptam harum laoreet accommodare rhoncus maluisset an decore nisl natoque putent quo doctus deseruisse electram omnesque maiestatis.', 1279976691210624, 1556971188737, 1556971188737, 0);
INSERT INTO replies (topic_id, user_id, user_name, user_imageUrl, content, id, created_at, updated_at, version) VALUES (1279976691206112, 1279976691204384, 'subscriber', '/static/img/user.png', 'neglegentur mus graeco aliquid dictum sea donec repudiare faucibus rhoncus viverra congue sadipscing ornare scripserit rutrum deterruisset urbanitas mattis facilisis pri antiopam repudiare pellentesque docendi eget magnis liber id nulla gloriatur primis.', 1279976691210656, 1556967588737, 1556967588737, 0);
INSERT INTO replies (topic_id, user_id, user_name, user_imageUrl, content, id, created_at, updated_at, version) VALUES (1279976691206112, 1279976691204384, 'subscriber', '/static/img/user.png', 'conubia nisi indoctum at proin unum signiferumque eloquentiam taciti postulant senserit deseruisse consul sanctus expetenda epicurei eros ancillae voluptatibus meliore integer reprehendunt voluptatibus.', 1279976691210688, 1556963988737, 1556963988737, 0);
INSERT INTO replies (topic_id, user_id, user_name, user_imageUrl, content, id, created_at, updated_at, version) VALUES (1279976691206112, 1279976691204384, 'subscriber', '/static/img/user.png', 'laudem viderer intellegat expetendis sem signiferumque pretium scripserit mentitum tempus hendrerit odio fabellas dis te iriure dissentiunt utinam ius delicata velit novum vituperatoribus nostrum iudicabit platonem quidam laoreet vero dolores dictum iusto oporteat inceptos phasellus integer vivendo sed oratio equidem arcu pulvinar suspendisse inciderint.', 1279976691210720, 1556960388737, 1556960388737, 0);
INSERT INTO replies (topic_id, user_id, user_name, user_imageUrl, content, id, created_at, updated_at, version) VALUES (1279976691206112, 1279976691204384, 'subscriber', '/static/img/user.png', 'detracto nobis mnesarchum mentitum homero aliquid vidisse appetere nihil ullamcorper mentitum iisque propriae viderer regione posse class montes corrumpit magnis wisi intellegebat solum maiestatis.', 1279976691210752, 1556956788737, 1556956788737, 0);
INSERT INTO replies (topic_id, user_id, user_name, user_imageUrl, content, id, created_at, updated_at, version) VALUES (1279976691206112, 1279976691204384, 'subscriber', '/static/img/user.png', 'quas affert noluisse necessitatibus egestas postea salutatus reque habitasse accommodare iusto quod lorem wisi vitae utinam laoreet graeci lorem prompta melius dicam placerat at vivamus iusto reque pretium possit tractatos utinam veritus erroribus veri tibique persecuti iuvaret eirmod venenatis scelerisque ultrices integer mediocrem saperet iaculis.', 1279976691210784, 1556953188737, 1556953188737, 0);
INSERT INTO replies (topic_id, user_id, user_name, user_imageUrl, content, id, created_at, updated_at, version) VALUES (1279976691206112, 1279976691204384, 'subscriber', '/static/img/user.png', 'phasellus ac maluisset constituto eruditi tractatos.', 1279976691210816, 1556949588737, 1556949588737, 0);
INSERT INTO replies (topic_id, user_id, user_name, user_imageUrl, content, id, created_at, updated_at, version) VALUES (1279976691206112, 1279976691204384, 'subscriber', '/static/img/user.png', 'duo pri civibus curae efficitur ad detracto accumsan quod nisl dicat laoreet volutpat dicit constituto iisque evertitur velit consectetuer adipiscing eius posse quaeque finibus simul aliquip sociosqu contentiones nominavi tellus splendide his vivendo mentitum eruditi vocibus ancillae lacus nulla.', 1279976691210848, 1556945988737, 1556945988737, 0);
INSERT INTO replies (topic_id, user_id, user_name, user_imageUrl, content, id, created_at, updated_at, version) VALUES (1279976691206112, 1279976691204384, 'subscriber', '/static/img/user.png', 'litora ludus dissentiunt persequeris saperet voluptaria.', 1279976691210880, 1556942388737, 1556942388737, 0);
INSERT INTO topics (board_id, user_id, user_name, user_imageUrl, ref_type, ref_id, reply_number, locked, name, content, id, created_at, updated_at, version) VALUES (1279976691205696, 1279976691204384, 'subscriber', '/static/img/user.png', 'NONE', 0, 13, false, 'mel.14', 'ornatus velit alienum augue nullam propriae unum tation facilis aliquam electram vulputate iudicabit maximus.', 1279976691206144, 1556978448737, 1556978448737, 0);
INSERT INTO replies (topic_id, user_id, user_name, user_imageUrl, content, id, created_at, updated_at, version) VALUES (1279976691206144, 1279976691204384, 'subscriber', '/static/img/user.png', 'suavitate consectetur accusata eros omittam interdum definiebas contentiones deserunt liber luctus affert nibh definitionem docendi doming mei no himenaeos conceptam brute vocent mi interesset posse platea mediocritatem pro atqui venenatis hac explicari tempus est eam percipit recteque.', 1279976691210912, 1556978388737, 1556978388737, 0);
INSERT INTO replies (topic_id, user_id, user_name, user_imageUrl, content, id, created_at, updated_at, version) VALUES (1279976691206144, 1279976691204384, 'subscriber', '/static/img/user.png', 'faucibus tota maecenas perpetua accusata aptent dolore doming option splendide mi has vim tantas veniam posse cursus sumo atqui suspendisse fabulas referrentur populo civibus sonet penatibus aenean noster deseruisse propriae gloriatur nisl semper mel fuisset commodo discere quaerendum orci.', 1279976691210944, 1556974788737, 1556974788737, 0);
INSERT INTO replies (topic_id, user_id, user_name, user_imageUrl, content, id, created_at, updated_at, version) VALUES (1279976691206144, 1279976691204384, 'subscriber', '/static/img/user.png', 'unum expetendis nisi volumus eam consul affert enim periculis ceteros vivendo sea orci mattis volumus mucius causae dis semper homero audire metus pharetra facilisis massa dolorem taciti patrioque consequat platea litora consectetur invenire aperiri placerat necessitatibus noster torquent autem tellus detraxit finibus id movet ultrices tation amet graeco.', 1279976691210976, 1556971188737, 1556971188737, 0);
INSERT INTO replies (topic_id, user_id, user_name, user_imageUrl, content, id, created_at, updated_at, version) VALUES (1279976691206144, 1279976691204384, 'subscriber', '/static/img/user.png', 'pericula his convenire inimicus dissentiunt vulputate ut platonem himenaeos odio dicant scripserit pericula tortor pharetra consul definitiones recteque suas deserunt idque audire pellentesque similique eruditi faucibus tibique reprehendunt usu tristique impetus possim maiestatis laoreet assueverit dicam ubique feugait inceptos nullam verterem arcu vis.', 1279976691211008, 1556967588737, 1556967588737, 0);
INSERT INTO replies (topic_id, user_id, user_name, user_imageUrl, content, id, created_at, updated_at, version) VALUES (1279976691206144, 1279976691204384, 'subscriber', '/static/img/user.png', 'faucibus quaeque volumus fringilla.', 1279976691211040, 1556963988737, 1556963988737, 0);
INSERT INTO replies (topic_id, user_id, user_name, user_imageUrl, content, id, created_at, updated_at, version) VALUES (1279976691206144, 1279976691204384, 'subscriber', '/static/img/user.png', 'malesuada ex pri minim ocurreret platonem verterem adhuc tibique libero fusce deseruisse euismod iisque moderatius pretium sonet aeque mandamus accommodare ne non.', 1279976691211072, 1556960388737, 1556960388737, 0);
INSERT INTO replies (topic_id, user_id, user_name, user_imageUrl, content, id, created_at, updated_at, version) VALUES (1279976691206144, 1279976691204384, 'subscriber', '/static/img/user.png', 'vituperata eripuit felis eius egestas tempus in unum semper eros omnesque veritus quam pericula.', 1279976691211104, 1556956788737, 1556956788737, 0);
INSERT INTO replies (topic_id, user_id, user_name, user_imageUrl, content, id, created_at, updated_at, version) VALUES (1279976691206144, 1279976691204384, 'subscriber', '/static/img/user.png', 'instructior dolorum nunc animal sem duo persequeris atomorum dui suspendisse contentiones mel metus luctus possim constituam gubergren instructior urbanitas nonumy mnesarchum animal tibique constituam leo aptent.', 1279976691211136, 1556953188737, 1556953188737, 0);
INSERT INTO replies (topic_id, user_id, user_name, user_imageUrl, content, id, created_at, updated_at, version) VALUES (1279976691206144, 1279976691204384, 'subscriber', '/static/img/user.png', 'massa vituperata a imperdiet petentium explicari postea commodo aliquip disputationi populo iaculis neglegentur mi ferri iusto curabitur mauris penatibus ipsum persius necessitatibus expetendis laoreet donec fabellas alienum.', 1279976691211168, 1556949588737, 1556949588737, 0);
INSERT INTO replies (topic_id, user_id, user_name, user_imageUrl, content, id, created_at, updated_at, version) VALUES (1279976691206144, 1279976691204384, 'subscriber', '/static/img/user.png', 'dignissim wisi mucius dictum molestie ad cursus maximus parturient scelerisque agam reque eruditi iisque dicit eu donec ignota sollicitudin quo causae cursus aliquip ac maximus commune adipisci nostra discere scripta rutrum luptatum unum posuere molestie nibh mei inani lacus minim varius facilisis malorum.', 1279976691211200, 1556945988737, 1556945988737, 0);
INSERT INTO replies (topic_id, user_id, user_name, user_imageUrl, content, id, created_at, updated_at, version) VALUES (1279976691206144, 1279976691204384, 'subscriber', '/static/img/user.png', 'consectetuer luctus sapien ignota impetus.', 1279976691211232, 1556942388737, 1556942388737, 0);
INSERT INTO replies (topic_id, user_id, user_name, user_imageUrl, content, id, created_at, updated_at, version) VALUES (1279976691206144, 1279976691204384, 'subscriber', '/static/img/user.png', 'eirmod docendi appetere donec nihil dicta ei iisque singulis autem quem cetero et nostra facilisis bibendum.', 1279976691211264, 1556938788737, 1556938788737, 0);
INSERT INTO replies (topic_id, user_id, user_name, user_imageUrl, content, id, created_at, updated_at, version) VALUES (1279976691206144, 1279976691204384, 'subscriber', '/static/img/user.png', 'feugait sociis suas id nominavi lectus sumo idque quod non electram ponderum tortor reprehendunt arcu massa referrentur gloriatur laoreet atomorum pharetra ridens dolorem suscipit mei.', 1279976691211296, 1556935188737, 1556935188737, 0);
INSERT INTO topics (board_id, user_id, user_name, user_imageUrl, ref_type, ref_id, reply_number, locked, name, content, id, created_at, updated_at, version) VALUES (1279976691205696, 1279976691204384, 'subscriber', '/static/img/user.png', 'NONE', 0, 14, false, 'doctus.15', 'cras appetere orci ante dis populo purus eloquentiam sumo pri.', 1279976691206176, 1556974848737, 1556974848737, 0);
INSERT INTO replies (topic_id, user_id, user_name, user_imageUrl, content, id, created_at, updated_at, version) VALUES (1279976691206176, 1279976691204384, 'subscriber', '/static/img/user.png', 'himenaeos inani consul aenean suspendisse invenire praesent pharetra adversarium curae dictas neque rhoncus netus partiendo senserit alterum quam delicata ferri ponderum minim ignota facilisis eget docendi tempor luptatum quaeque wisi class elitr elementum iisque dapibus percipit.', 1279976691211328, 1556974788737, 1556974788737, 0);
INSERT INTO replies (topic_id, user_id, user_name, user_imageUrl, content, id, created_at, updated_at, version) VALUES (1279976691206176, 1279976691204384, 'subscriber', '/static/img/user.png', 'natoque accusata noster ceteros vero fringilla propriae lectus epicuri inimicus nascetur maiorum dico vis conubia ne usu omittantur postulant cras cubilia graeci.', 1279976691211360, 1556971188737, 1556971188737, 0);
INSERT INTO replies (topic_id, user_id, user_name, user_imageUrl, content, id, created_at, updated_at, version) VALUES (1279976691206176, 1279976691204384, 'subscriber', '/static/img/user.png', 'tractatos cetero brute duo tellus utamur electram tempor singulis mollis sagittis dicant quaestio causae viris aliquip justo intellegat.', 1279976691211392, 1556967588737, 1556967588737, 0);
INSERT INTO replies (topic_id, user_id, user_name, user_imageUrl, content, id, created_at, updated_at, version) VALUES (1279976691206176, 1279976691204384, 'subscriber', '/static/img/user.png', 'neque cubilia omnesque enim turpis tritani inimicus montes porta percipit tacimates graece rhoncus nascetur simul noluisse vituperata inimicus gloriatur instructior senserit natum eu referrentur faucibus porttitor inciderint platea.', 1279976691211424, 1556963988737, 1556963988737, 0);
INSERT INTO replies (topic_id, user_id, user_name, user_imageUrl, content, id, created_at, updated_at, version) VALUES (1279976691206176, 1279976691204384, 'subscriber', '/static/img/user.png', 'cras fermentum facilisis sollicitudin lobortis delicata a dolore ultricies etiam felis aeque altera voluptatum expetenda iusto atomorum donec condimentum cum quem sagittis natum saepe vituperata.', 1279976691211456, 1556960388737, 1556960388737, 0);
INSERT INTO replies (topic_id, user_id, user_name, user_imageUrl, content, id, created_at, updated_at, version) VALUES (1279976691206176, 1279976691204384, 'subscriber', '/static/img/user.png', 'nihil massa pertinacia omittam vituperata adhuc option ludus cursus justo primis impetus meliore curae fringilla fringilla natum inciderint habitasse suscipit hac urna alienum detracto appetere nonumy donec voluptaria graeci felis habitant theophrastus nominavi.', 1279976691211488, 1556956788737, 1556956788737, 0);
INSERT INTO replies (topic_id, user_id, user_name, user_imageUrl, content, id, created_at, updated_at, version) VALUES (1279976691206176, 1279976691204384, 'subscriber', '/static/img/user.png', 'tota lacinia prodesset tale postea feugiat affert ancillae blandit viderer animal adolescens disputationi voluptatum non his primis inceptos pericula repudiare torquent vis vituperata minim noluisse feugait dicunt mauris lacus intellegat reprimique tantas tempus adhuc contentiones electram utamur inimicus falli porta imperdiet convenire eos etiam quidam persecuti.', 1279976691211520, 1556953188737, 1556953188737, 0);
INSERT INTO replies (topic_id, user_id, user_name, user_imageUrl, content, id, created_at, updated_at, version) VALUES (1279976691206176, 1279976691204384, 'subscriber', '/static/img/user.png', 'finibus mentitum consul populo.', 1279976691211552, 1556949588737, 1556949588737, 0);
INSERT INTO replies (topic_id, user_id, user_name, user_imageUrl, content, id, created_at, updated_at, version) VALUES (1279976691206176, 1279976691204384, 'subscriber', '/static/img/user.png', 'putent usu scelerisque sonet donec euismod montes lorem suscipit sollicitudin tractatos possit justo maecenas pulvinar congue corrumpit netus risus sanctus verear ultrices est quis quaerendum invenire qui tempor euismod graecis cras graece explicari graecis per salutatus mus veniam liber eleifend.', 1279976691211584, 1556945988737, 1556945988737, 0);
INSERT INTO replies (topic_id, user_id, user_name, user_imageUrl, content, id, created_at, updated_at, version) VALUES (1279976691206176, 1279976691204384, 'subscriber', '/static/img/user.png', 'deterruisset adhuc leo viderer amet.', 1279976691211616, 1556942388737, 1556942388737, 0);
INSERT INTO replies (topic_id, user_id, user_name, user_imageUrl, content, id, created_at, updated_at, version) VALUES (1279976691206176, 1279976691204384, 'subscriber', '/static/img/user.png', 'erroribus brute omnesque rhoncus iuvaret malesuada diam sanctus ubique tibique suas omittantur idque intellegebat suavitate sagittis fugit habeo quam mi tempor scripta sapien hac qui maximus euripidis ceteros euismod theophrastus verterem aeque suscipit idque bibendum salutatus sociis praesent curae libero persequeris per.', 1279976691211648, 1556938788737, 1556938788737, 0);
INSERT INTO replies (topic_id, user_id, user_name, user_imageUrl, content, id, created_at, updated_at, version) VALUES (1279976691206176, 1279976691204384, 'subscriber', '/static/img/user.png', 'dicam sumo his mi scripserit vocibus dicant.', 1279976691211680, 1556935188737, 1556935188737, 0);
INSERT INTO replies (topic_id, user_id, user_name, user_imageUrl, content, id, created_at, updated_at, version) VALUES (1279976691206176, 1279976691204384, 'subscriber', '/static/img/user.png', 'noluisse volumus vidisse voluptaria causae conceptam tibique sapien affert.', 1279976691211712, 1556931588737, 1556931588737, 0);
INSERT INTO replies (topic_id, user_id, user_name, user_imageUrl, content, id, created_at, updated_at, version) VALUES (1279976691206176, 1279976691204384, 'subscriber', '/static/img/user.png', 'neglegentur adipisci comprehensam reque posuere efficitur dolores conubia persecuti consequat noster eleifend dicat iuvaret vivendo verear convenire magna cu consetetur habeo vim lacinia quem tractatos leo cu dicant splendide tractatos recteque saepe efficitur dis consul petentium contentiones malorum evertitur habitasse posuere.', 1279976691211744, 1556927988737, 1556927988737, 0);
INSERT INTO topics (board_id, user_id, user_name, user_imageUrl, ref_type, ref_id, reply_number, locked, name, content, id, created_at, updated_at, version) VALUES (1279976691205696, 1279976691204384, 'subscriber', '/static/img/user.png', 'NONE', 0, 15, false, 'ne.16', 'atqui idque neque noster ligula fabulas pri euismod epicurei possit vehicula purus signiferumque eam vestibulum pulvinar epicuri in singulis possim salutatus dictum.', 1279976691206208, 1556971248737, 1556971248737, 0);
INSERT INTO replies (topic_id, user_id, user_name, user_imageUrl, content, id, created_at, updated_at, version) VALUES (1279976691206208, 1279976691204384, 'subscriber', '/static/img/user.png', 'voluptatum te utinam liber sit montes orci lacus pri hendrerit ullamcorper consectetur doming discere mentitum dolorem mediocrem neglegentur lectus lacus risus montes neque eleifend repudiare delicata pri simul epicuri option inimicus vehicula fugit erat alterum regione maiestatis nisi atqui.', 1279976691211776, 1556971188737, 1556971188737, 0);
INSERT INTO replies (topic_id, user_id, user_name, user_imageUrl, content, id, created_at, updated_at, version) VALUES (1279976691206208, 1279976691204384, 'subscriber', '/static/img/user.png', 'integer eu equidem nonumes facilis sapien morbi pulvinar deserunt efficiantur vituperata definitiones dicta dictas efficiantur ultrices dico ipsum nostra propriae bibendum tota periculis nobis.', 1279976691211808, 1556967588737, 1556967588737, 0);
INSERT INTO replies (topic_id, user_id, user_name, user_imageUrl, content, id, created_at, updated_at, version) VALUES (1279976691206208, 1279976691204384, 'subscriber', '/static/img/user.png', 'sit theophrastus petentium repudiandae libris laoreet noluisse.', 1279976691211840, 1556963988737, 1556963988737, 0);
INSERT INTO replies (topic_id, user_id, user_name, user_imageUrl, content, id, created_at, updated_at, version) VALUES (1279976691206208, 1279976691204384, 'subscriber', '/static/img/user.png', 'docendi nisl malesuada pulvinar etiam mazim repudiare eu tractatos nonumy eruditi.', 1279976691211872, 1556960388737, 1556960388737, 0);
INSERT INTO replies (topic_id, user_id, user_name, user_imageUrl, content, id, created_at, updated_at, version) VALUES (1279976691206208, 1279976691204384, 'subscriber', '/static/img/user.png', 'pericula ponderum.', 1279976691211904, 1556956788737, 1556956788737, 0);
INSERT INTO replies (topic_id, user_id, user_name, user_imageUrl, content, id, created_at, updated_at, version) VALUES (1279976691206208, 1279976691204384, 'subscriber', '/static/img/user.png', 'vehicula consequat delenit postea deterruisset voluptatum mediocrem tation habemus reprehendunt graece ancillae nostra vocent ultricies aperiri invidunt idque gubergren aliquip in.', 1279976691211936, 1556953188737, 1556953188737, 0);
INSERT INTO replies (topic_id, user_id, user_name, user_imageUrl, content, id, created_at, updated_at, version) VALUES (1279976691206208, 1279976691204384, 'subscriber', '/static/img/user.png', 'persius eleifend auctor patrioque deterruisset eum hendrerit liber elit quas molestie integer nec recteque mauris nominavi in iuvaret sapien nunc praesent interpretaris partiendo appareat dis tristique mus aliquet netus dicit per sit.', 1279976691211968, 1556949588737, 1556949588737, 0);
INSERT INTO replies (topic_id, user_id, user_name, user_imageUrl, content, id, created_at, updated_at, version) VALUES (1279976691206208, 1279976691204384, 'subscriber', '/static/img/user.png', 'vitae utinam viris contentiones placerat odio no luctus pellentesque scripserit intellegat tortor indoctum principes pericula auctor appetere evertitur dicant iusto mediocrem sapientem detracto cubilia liber repudiare utroque senserit vestibulum accommodare doming homero splendide metus epicuri voluptatibus amet parturient honestatis delicata maiorum augue inceptos singulis.', 1279976691212000, 1556945988737, 1556945988737, 0);
INSERT INTO replies (topic_id, user_id, user_name, user_imageUrl, content, id, created_at, updated_at, version) VALUES (1279976691206208, 1279976691204384, 'subscriber', '/static/img/user.png', 'maiestatis cursus aliquam laoreet inani primis et verear alterum tortor fusce aeque vis maximus perpetua voluptaria electram porro tation legimus aliquid quis animal mel dis solum pulvinar pericula repudiare.', 1279976691212032, 1556942388737, 1556942388737, 0);
INSERT INTO replies (topic_id, user_id, user_name, user_imageUrl, content, id, created_at, updated_at, version) VALUES (1279976691206208, 1279976691204384, 'subscriber', '/static/img/user.png', 'primis sanctus fastidii audire dicta intellegebat doming fuisset neglegentur elit explicari putent dolores petentium sententiae atqui egestas fusce scripserit intellegebat prodesset pharetra mei in eu inceptos.', 1279976691212064, 1556938788737, 1556938788737, 0);
INSERT INTO replies (topic_id, user_id, user_name, user_imageUrl, content, id, created_at, updated_at, version) VALUES (1279976691206208, 1279976691204384, 'subscriber', '/static/img/user.png', 'aeque sententiae agam elit montes quaerendum potenti iudicabit reque quot deserunt mea quem qualisque dignissim tempus doctus condimentum mnesarchum fugit eius dicit omittam erat ridens mediocrem persius repudiare.', 1279976691212096, 1556935188737, 1556935188737, 0);
INSERT INTO replies (topic_id, user_id, user_name, user_imageUrl, content, id, created_at, updated_at, version) VALUES (1279976691206208, 1279976691204384, 'subscriber', '/static/img/user.png', 'nobis adipiscing fastidii pulvinar definiebas saepe ridiculus deterruisset lobortis persequeris vulputate invenire interpretaris tritani augue at.', 1279976691212128, 1556931588737, 1556931588737, 0);
INSERT INTO replies (topic_id, user_id, user_name, user_imageUrl, content, id, created_at, updated_at, version) VALUES (1279976691206208, 1279976691204384, 'subscriber', '/static/img/user.png', 'dicta sociis dignissim senectus definitionem inciderint regione postulant dolore eam.', 1279976691212160, 1556927988737, 1556927988737, 0);
INSERT INTO replies (topic_id, user_id, user_name, user_imageUrl, content, id, created_at, updated_at, version) VALUES (1279976691206208, 1279976691204384, 'subscriber', '/static/img/user.png', 'tacimates cursus elaboraret dolores constituam sapientem quaeque molestie morbi mandamus tale dicit omnesque qualisque minim sapien propriae possit facilis comprehensam eum class sed.', 1279976691212192, 1556924388737, 1556924388737, 0);
INSERT INTO replies (topic_id, user_id, user_name, user_imageUrl, content, id, created_at, updated_at, version) VALUES (1279976691206208, 1279976691204384, 'subscriber', '/static/img/user.png', 'fermentum corrumpit repudiandae labores vocent tristique habeo sapien inimicus senserit eros feugait aptent sapientem tellus vivamus fusce facilisi saepe disputationi ac tristique praesent fabulas pro nisl.', 1279976691212224, 1556920788737, 1556920788737, 0);
INSERT INTO topics (board_id, user_id, user_name, user_imageUrl, ref_type, ref_id, reply_number, locked, name, content, id, created_at, updated_at, version) VALUES (1279976691205696, 1279976691204384, 'subscriber', '/static/img/user.png', 'NONE', 0, 16, false, 'inani.17', 'pulvinar rhoncus eam ancillae postulant prompta auctor.', 1279976691206240, 1556967648738, 1556967648738, 0);
INSERT INTO replies (topic_id, user_id, user_name, user_imageUrl, content, id, created_at, updated_at, version) VALUES (1279976691206240, 1279976691204384, 'subscriber', '/static/img/user.png', 'porro quot non congue cu nihil homero mentitum dictum intellegebat urna vestibulum nascetur in maiorum recteque iudicabit dicta enim te tractatos ac nisl dolorem ocurreret non dolorum ipsum proin tincidunt nibh erat sociis lorem senserit quaerendum dolor accumsan torquent.', 1279976691212256, 1556967588738, 1556967588738, 0);
INSERT INTO replies (topic_id, user_id, user_name, user_imageUrl, content, id, created_at, updated_at, version) VALUES (1279976691206240, 1279976691204384, 'subscriber', '/static/img/user.png', 'dictas libero inciderint porro mediocritatem deserunt commodo vim phasellus tellus has elementum taciti fusce voluptatibus sonet lorem tritani periculis posse impetus curae lacus eum dolores ignota tempor primis condimentum latine quisque nascetur docendi pro mentitum theophrastus justo latine diam.', 1279976691212288, 1556963988738, 1556963988738, 0);
INSERT INTO replies (topic_id, user_id, user_name, user_imageUrl, content, id, created_at, updated_at, version) VALUES (1279976691206240, 1279976691204384, 'subscriber', '/static/img/user.png', 'turpis id neglegentur tation magnis delenit condimentum populo ac mediocrem iaculis eros.', 1279976691212320, 1556960388738, 1556960388738, 0);
INSERT INTO replies (topic_id, user_id, user_name, user_imageUrl, content, id, created_at, updated_at, version) VALUES (1279976691206240, 1279976691204384, 'subscriber', '/static/img/user.png', 'eruditi aliquid nisi sociosqu eos vituperata comprehensam equidem dictum aliquet veniam dolore singulis pellentesque efficiantur tellus civibus percipit sea netus potenti volumus imperdiet nostrum senectus impetus recteque felis conubia honestatis intellegebat consectetur sit.', 1279976691212352, 1556956788738, 1556956788738, 0);
INSERT INTO replies (topic_id, user_id, user_name, user_imageUrl, content, id, created_at, updated_at, version) VALUES (1279976691206240, 1279976691204384, 'subscriber', '/static/img/user.png', 'justo potenti animal postea taciti erat enim.', 1279976691212384, 1556953188738, 1556953188738, 0);
INSERT INTO replies (topic_id, user_id, user_name, user_imageUrl, content, id, created_at, updated_at, version) VALUES (1279976691206240, 1279976691204384, 'subscriber', '/static/img/user.png', 'condimentum.', 1279976691212416, 1556949588738, 1556949588738, 0);
INSERT INTO replies (topic_id, user_id, user_name, user_imageUrl, content, id, created_at, updated_at, version) VALUES (1279976691206240, 1279976691204384, 'subscriber', '/static/img/user.png', 'ceteros suavitate gloriatur deserunt curae atomorum senserit quidam delenit dolor adolescens eleifend ea eum qualisque solum scripserit ex ceteros.', 1279976691212448, 1556945988738, 1556945988738, 0);
INSERT INTO replies (topic_id, user_id, user_name, user_imageUrl, content, id, created_at, updated_at, version) VALUES (1279976691206240, 1279976691204384, 'subscriber', '/static/img/user.png', 'utinam referrentur ornatus suas magna arcu legimus repudiandae eleifend legere numquam tantas eleifend possit orci eget vituperatoribus placerat postea repudiandae nunc taciti non erat definitiones condimentum porta periculis natoque sapien inani ex vis aliquam maiorum platonem verear magna montes quo.', 1279976691212480, 1556942388738, 1556942388738, 0);
INSERT INTO replies (topic_id, user_id, user_name, user_imageUrl, content, id, created_at, updated_at, version) VALUES (1279976691206240, 1279976691204384, 'subscriber', '/static/img/user.png', 'erroribus semper detraxit purus consequat harum pertinax massa sociis wisi eget varius finibus consetetur.', 1279976691212512, 1556938788738, 1556938788738, 0);
INSERT INTO replies (topic_id, user_id, user_name, user_imageUrl, content, id, created_at, updated_at, version) VALUES (1279976691206240, 1279976691204384, 'subscriber', '/static/img/user.png', 'solum discere delectus finibus antiopam definiebas hendrerit purus.', 1279976691212544, 1556935188738, 1556935188738, 0);
INSERT INTO replies (topic_id, user_id, user_name, user_imageUrl, content, id, created_at, updated_at, version) VALUES (1279976691206240, 1279976691204384, 'subscriber', '/static/img/user.png', 'vis equidem mediocrem iuvaret explicari appareat voluptatum detracto dissentiunt movet elementum verterem pellentesque ancillae venenatis senserit nulla feugiat deserunt penatibus sanctus error consetetur theophrastus latine magna vituperata odio.', 1279976691212576, 1556931588738, 1556931588738, 0);
INSERT INTO replies (topic_id, user_id, user_name, user_imageUrl, content, id, created_at, updated_at, version) VALUES (1279976691206240, 1279976691204384, 'subscriber', '/static/img/user.png', 'tamquam harum pharetra.', 1279976691212608, 1556927988738, 1556927988738, 0);
INSERT INTO replies (topic_id, user_id, user_name, user_imageUrl, content, id, created_at, updated_at, version) VALUES (1279976691206240, 1279976691204384, 'subscriber', '/static/img/user.png', 'saepe ipsum aliquet habitant labores qui aliquip tortor animal fames ac urna veritus vocibus unum offendit pri labores vidisse magna justo malorum etiam ubique habeo gloriatur natum posse sem voluptaria ceteros possit falli facilisis feugiat utroque enim scripserit ultrices eius curabitur placerat massa.', 1279976691212640, 1556924388738, 1556924388738, 0);
INSERT INTO replies (topic_id, user_id, user_name, user_imageUrl, content, id, created_at, updated_at, version) VALUES (1279976691206240, 1279976691204384, 'subscriber', '/static/img/user.png', 'adipiscing viverra propriae dictum vel molestiae tation duo regione facilisis tellus porttitor option molestie patrioque definitionem.', 1279976691212672, 1556920788738, 1556920788738, 0);
INSERT INTO replies (topic_id, user_id, user_name, user_imageUrl, content, id, created_at, updated_at, version) VALUES (1279976691206240, 1279976691204384, 'subscriber', '/static/img/user.png', 'deterruisset aenean vix persequeris dictum idque scripta te percipit risus vehicula possit senserit sadipscing verear ultricies habeo litora placerat impetus integer prompta dicunt nulla cum tantas dolores gloriatur numquam sit ullamcorper detraxit an animal noluisse.', 1279976691212704, 1556917188738, 1556917188738, 0);
INSERT INTO replies (topic_id, user_id, user_name, user_imageUrl, content, id, created_at, updated_at, version) VALUES (1279976691206240, 1279976691204384, 'subscriber', '/static/img/user.png', 'quot pro sapientem montes veri signiferumque disputationi ex tantas elaboraret te iisque deterruisset dicam consetetur comprehensam qualisque sapien verear dicta definitionem quidam no conceptam offendit graeci posuere dui debet.', 1279976691212736, 1556913588738, 1556913588738, 0);
INSERT INTO topics (board_id, user_id, user_name, user_imageUrl, ref_type, ref_id, reply_number, locked, name, content, id, created_at, updated_at, version) VALUES (1279976691205696, 1279976691204384, 'subscriber', '/static/img/user.png', 'NONE', 0, 17, false, 'facilisis gravida persius.18', 'delectus euripidis enim partiendo euripidis placerat elit suavitate verear dicta delicata vocent necessitatibus te maecenas iusto appareat.', 1279976691206272, 1556964048738, 1556964048738, 0);
INSERT INTO replies (topic_id, user_id, user_name, user_imageUrl, content, id, created_at, updated_at, version) VALUES (1279976691206272, 1279976691204384, 'subscriber', '/static/img/user.png', 'nam graecis eu mutat torquent ullamcorper partiendo dicunt noster vel latine nisl massa tamquam dicam graece animal augue vitae inceptos cras platonem nobis error.', 1279976691212768, 1556963988738, 1556963988738, 0);
INSERT INTO replies (topic_id, user_id, user_name, user_imageUrl, content, id, created_at, updated_at, version) VALUES (1279976691206272, 1279976691204384, 'subscriber', '/static/img/user.png', 'meliore posse quas sanctus repudiare pulvinar graecis cras elementum constituto et mel donec magna feugiat melius ocurreret.', 1279976691212800, 1556960388738, 1556960388738, 0);
INSERT INTO replies (topic_id, user_id, user_name, user_imageUrl, content, id, created_at, updated_at, version) VALUES (1279976691206272, 1279976691204384, 'subscriber', '/static/img/user.png', 'petentium disputationi ferri vivamus consequat tation atomorum necessitatibus ex leo.', 1279976691212832, 1556956788738, 1556956788738, 0);
INSERT INTO replies (topic_id, user_id, user_name, user_imageUrl, content, id, created_at, updated_at, version) VALUES (1279976691206272, 1279976691204384, 'subscriber', '/static/img/user.png', 'mutat consul nascetur nulla egestas alterum nostrum aliquet invidunt ancillae causae fringilla felis sea consul sagittis erroribus menandri posse percipit vestibulum proin metus duo eleifend wisi tempus accusata graeco delicata latine tation hendrerit suscipiantur fugit habitasse mauris wisi conubia honestatis aliquam.', 1279976691212864, 1556953188738, 1556953188738, 0);
INSERT INTO replies (topic_id, user_id, user_name, user_imageUrl, content, id, created_at, updated_at, version) VALUES (1279976691206272, 1279976691204384, 'subscriber', '/static/img/user.png', 'deterruisset possit conclusionemque usu signiferumque ubique debet dolor labores amet mea justo viris harum error rutrum mediocrem debet eius definitionem pellentesque eius placerat magnis mea quaestio scripserit doctus delicata graeci ad indoctum adipiscing possim dicunt dolorem.', 1279976691212896, 1556949588738, 1556949588738, 0);
INSERT INTO replies (topic_id, user_id, user_name, user_imageUrl, content, id, created_at, updated_at, version) VALUES (1279976691206272, 1279976691204384, 'subscriber', '/static/img/user.png', 'theophrastus imperdiet omittantur sonet usu eos veritus ex reformidans torquent no maiestatis neglegentur sapientem mentitum primis tation melius habitasse legere viverra appareat ceteros omittantur te nominavi dolore pulvinar graeco.', 1279976691212928, 1556945988738, 1556945988738, 0);
INSERT INTO replies (topic_id, user_id, user_name, user_imageUrl, content, id, created_at, updated_at, version) VALUES (1279976691206272, 1279976691204384, 'subscriber', '/static/img/user.png', 'verear mentitum oporteat solum eros constituto efficiantur vis tale ancillae intellegat periculis mucius aliquet dapibus salutatus an nibh mel honestatis facilisis corrumpit verear consectetuer nostrum libero sanctus moderatius omittam regione verterem cetero alterum viverra graece indoctum partiendo elitr perpetua quaeque referrentur ullamcorper interesset enim.', 1279976691212960, 1556942388738, 1556942388738, 0);
INSERT INTO replies (topic_id, user_id, user_name, user_imageUrl, content, id, created_at, updated_at, version) VALUES (1279976691206272, 1279976691204384, 'subscriber', '/static/img/user.png', 'felis quot vocibus ornare scripserit consequat faucibus vituperatoribus fastidii persecuti intellegebat est tincidunt mucius cubilia ea accumsan suscipiantur ultrices justo dico nulla utamur curae wisi quot facilisis postea petentium et delicata inceptos eros sed debet honestatis efficitur idque lorem fermentum duis conclusionemque te libris quot consectetuer lorem nostrum.', 1279976691212992, 1556938788738, 1556938788738, 0);
INSERT INTO replies (topic_id, user_id, user_name, user_imageUrl, content, id, created_at, updated_at, version) VALUES (1279976691206272, 1279976691204384, 'subscriber', '/static/img/user.png', 'porttitor discere perpetua quis movet.', 1279976691213024, 1556935188738, 1556935188738, 0);
INSERT INTO replies (topic_id, user_id, user_name, user_imageUrl, content, id, created_at, updated_at, version) VALUES (1279976691206272, 1279976691204384, 'subscriber', '/static/img/user.png', 'graeci unum intellegat minim debet ea massa lorem ludus iriure vidisse laoreet pharetra.', 1279976691213056, 1556931588738, 1556931588738, 0);
INSERT INTO replies (topic_id, user_id, user_name, user_imageUrl, content, id, created_at, updated_at, version) VALUES (1279976691206272, 1279976691204384, 'subscriber', '/static/img/user.png', 'sapientem qualisque persequeris dictum duo utamur risus fermentum dicit a liber aliquid nunc mi mucius auctor lacus mnesarchum litora tritani maluisset amet comprehensam ut habitasse curabitur in eloquentiam alterum veniam omittantur sollicitudin oporteat qualisque moderatius ridiculus eruditi utinam ut detraxit platonem dolores.', 1279976691213088, 1556927988738, 1556927988738, 0);
INSERT INTO replies (topic_id, user_id, user_name, user_imageUrl, content, id, created_at, updated_at, version) VALUES (1279976691206272, 1279976691204384, 'subscriber', '/static/img/user.png', 'constituam wisi himenaeos iudicabit.', 1279976691213120, 1556924388738, 1556924388738, 0);
INSERT INTO replies (topic_id, user_id, user_name, user_imageUrl, content, id, created_at, updated_at, version) VALUES (1279976691206272, 1279976691204384, 'subscriber', '/static/img/user.png', 'iusto verterem ante rhoncus reprehendunt fabellas.', 1279976691213152, 1556920788738, 1556920788738, 0);
INSERT INTO replies (topic_id, user_id, user_name, user_imageUrl, content, id, created_at, updated_at, version) VALUES (1279976691206272, 1279976691204384, 'subscriber', '/static/img/user.png', 'civibus augue error consetetur nihil his gubergren sanctus dictumst habitasse ancillae docendi atomorum fusce reque novum graeci in risus taciti turpis dolor.', 1279976691213184, 1556917188738, 1556917188738, 0);
INSERT INTO replies (topic_id, user_id, user_name, user_imageUrl, content, id, created_at, updated_at, version) VALUES (1279976691206272, 1279976691204384, 'subscriber', '/static/img/user.png', 'gloriatur fuisset mucius fugit usu duo atqui tempus mentitum ubique aeque te mus fabulas ea dolorem consul at idque nulla delicata convenire consul ridens taciti tritani wisi.', 1279976691213216, 1556913588738, 1556913588738, 0);
INSERT INTO replies (topic_id, user_id, user_name, user_imageUrl, content, id, created_at, updated_at, version) VALUES (1279976691206272, 1279976691204384, 'subscriber', '/static/img/user.png', 'inimicus penatibus sapien referrentur ornatus delenit vivamus ius laoreet veri pro sollicitudin dictas intellegebat honestatis pertinacia dicit iudicabit maiestatis aptent appareat semper sem malesuada accusata te viverra qui mei magnis cu arcu mea tamquam scripserit sapien recteque dissentiunt.', 1279976691213248, 1556909988738, 1556909988738, 0);
INSERT INTO replies (topic_id, user_id, user_name, user_imageUrl, content, id, created_at, updated_at, version) VALUES (1279976691206272, 1279976691204384, 'subscriber', '/static/img/user.png', 'convenire accommodare aperiri dolor nec porro ullamcorper vocent eos quis duo purus appareat assueverit constituam percipit sententiae mediocritatem audire eget habemus urbanitas hac ad gloriatur oporteat dolore.', 1279976691213280, 1556906388738, 1556906388738, 0);
INSERT INTO topics (board_id, user_id, user_name, user_imageUrl, ref_type, ref_id, reply_number, locked, name, content, id, created_at, updated_at, version) VALUES (1279976691205696, 1279976691204384, 'subscriber', '/static/img/user.png', 'NONE', 0, 18, false, 'voluptatibus.19', 'legimus fugit dolores malesuada assueverit nunc regione condimentum pri dignissim inani equidem neglegentur fuisset pro hinc repudiandae epicurei eruditi.', 1279976691206304, 1556960448738, 1556960448738, 0);
INSERT INTO replies (topic_id, user_id, user_name, user_imageUrl, content, id, created_at, updated_at, version) VALUES (1279976691206304, 1279976691204384, 'subscriber', '/static/img/user.png', 'numquam quo.', 1279976691213312, 1556960388738, 1556960388738, 0);
INSERT INTO replies (topic_id, user_id, user_name, user_imageUrl, content, id, created_at, updated_at, version) VALUES (1279976691206304, 1279976691204384, 'subscriber', '/static/img/user.png', 'verear nibh vix vidisse minim mentitum netus augue maecenas alienum nisi ludus agam fabellas dolorem iuvaret his morbi recteque iudicabit per invidunt efficitur elaboraret iaculis vim non class vero augue persecuti nostra epicurei hac nascetur dictum dolores elementum nullam dictum feugait.', 1279976691213344, 1556956788738, 1556956788738, 0);
INSERT INTO replies (topic_id, user_id, user_name, user_imageUrl, content, id, created_at, updated_at, version) VALUES (1279976691206304, 1279976691204384, 'subscriber', '/static/img/user.png', 'dis ex similique appetere adolescens velit etiam ornare moderatius mediocrem magnis fusce dicit epicurei veritus vitae tortor posidonium posidonium magna iriure reprehendunt sociis ultricies offendit suscipiantur affert viverra atomorum luptatum tempor montes vim labores wisi viris facilis constituto lectus veritus commodo.', 1279976691213376, 1556953188738, 1556953188738, 0);
INSERT INTO replies (topic_id, user_id, user_name, user_imageUrl, content, id, created_at, updated_at, version) VALUES (1279976691206304, 1279976691204384, 'subscriber', '/static/img/user.png', 'nominavi convenire dicant velit pertinax ipsum adolescens pulvinar posuere idque discere curae oratio duis saperet aliquid auctor eu nec veri alia te legimus.', 1279976691213408, 1556949588738, 1556949588738, 0);
INSERT INTO replies (topic_id, user_id, user_name, user_imageUrl, content, id, created_at, updated_at, version) VALUES (1279976691206304, 1279976691204384, 'subscriber', '/static/img/user.png', 'mnesarchum discere dicit parturient euismod etiam indoctum ei orci noster maecenas lobortis docendi disputationi dolorum quam senectus conceptam elit ad parturient his.', 1279976691213440, 1556945988738, 1556945988738, 0);
INSERT INTO replies (topic_id, user_id, user_name, user_imageUrl, content, id, created_at, updated_at, version) VALUES (1279976691206304, 1279976691204384, 'subscriber', '/static/img/user.png', 'assueverit ultricies venenatis ornare esse tempor accusata euripidis dicam mea consetetur condimentum dapibus possim.', 1279976691213472, 1556942388738, 1556942388738, 0);
INSERT INTO replies (topic_id, user_id, user_name, user_imageUrl, content, id, created_at, updated_at, version) VALUES (1279976691206304, 1279976691204384, 'subscriber', '/static/img/user.png', 'eruditi urna mattis liber definitionem errem aliquid interpretaris putent ferri taciti elaboraret tellus vim curabitur veritus ne suspendisse inimicus brute reque partiendo gloriatur wisi expetendis cubilia duo feugiat inciderint proin utinam eloquentiam tractatos inani solet erroribus quam dicunt persequeris libero ornatus tacimates magnis netus.', 1279976691213504, 1556938788738, 1556938788738, 0);
INSERT INTO replies (topic_id, user_id, user_name, user_imageUrl, content, id, created_at, updated_at, version) VALUES (1279976691206304, 1279976691204384, 'subscriber', '/static/img/user.png', 'aliquam definitionem periculis vivendo integer utinam vivamus sumo luctus turpis esse civibus no porttitor duis vehicula pertinax prodesset suavitate.', 1279976691213536, 1556935188738, 1556935188738, 0);
INSERT INTO replies (topic_id, user_id, user_name, user_imageUrl, content, id, created_at, updated_at, version) VALUES (1279976691206304, 1279976691204384, 'subscriber', '/static/img/user.png', 'porro scripserit populo facilis conclusionemque arcu agam ad invidunt electram vix feugiat aliquid efficiantur honestatis sale mutat platea quidam porttitor rutrum pharetra invidunt ridens eam gloriatur mea veritus lorem porro falli donec disputationi.', 1279976691213568, 1556931588738, 1556931588738, 0);
INSERT INTO replies (topic_id, user_id, user_name, user_imageUrl, content, id, created_at, updated_at, version) VALUES (1279976691206304, 1279976691204384, 'subscriber', '/static/img/user.png', 'suscipit perpetua postulant fringilla mandamus errem animal.', 1279976691213600, 1556927988738, 1556927988738, 0);
INSERT INTO replies (topic_id, user_id, user_name, user_imageUrl, content, id, created_at, updated_at, version) VALUES (1279976691206304, 1279976691204384, 'subscriber', '/static/img/user.png', 'quidam elaboraret dignissim iudicabit facilisis deterruisset voluptatum justo nihil ultricies maiestatis quam congue antiopam alia amet dui fabulas atqui turpis leo urbanitas lorem felis errem rhoncus ne posse persequeris usu corrumpit evertitur dicat donec adipisci nihil in verterem mnesarchum invenire vocent augue cu praesent habitasse hac enim dolores singulis.', 1279976691213632, 1556924388738, 1556924388738, 0);
INSERT INTO replies (topic_id, user_id, user_name, user_imageUrl, content, id, created_at, updated_at, version) VALUES (1279976691206304, 1279976691204384, 'subscriber', '/static/img/user.png', 'esse salutatus etiam dolorum amet ferri patrioque odio justo nihil ludus eu dictum nulla etiam augue gloriatur qualisque aliquip vim praesent iriure impetus adhuc sapientem malesuada definiebas minim ubique impetus placerat finibus option erat faucibus oporteat morbi dicta debet ancillae scripta definiebas eum sapientem saepe aenean tractatos.', 1279976691213664, 1556920788738, 1556920788738, 0);
INSERT INTO replies (topic_id, user_id, user_name, user_imageUrl, content, id, created_at, updated_at, version) VALUES (1279976691206304, 1279976691204384, 'subscriber', '/static/img/user.png', 'sodales volutpat adhuc impetus intellegebat eloquentiam convenire interesset falli inciderint aliquip inciderint dicat unum ocurreret quaestio elementum augue dicit qualisque dignissim commune urna blandit pharetra veritus diam etiam reformidans repudiandae tempus.', 1279976691213696, 1556917188738, 1556917188738, 0);
INSERT INTO replies (topic_id, user_id, user_name, user_imageUrl, content, id, created_at, updated_at, version) VALUES (1279976691206304, 1279976691204384, 'subscriber', '/static/img/user.png', 'litora impetus possim nibh ante gloriatur fermentum repudiare ornatus.', 1279976691213728, 1556913588738, 1556913588738, 0);
INSERT INTO replies (topic_id, user_id, user_name, user_imageUrl, content, id, created_at, updated_at, version) VALUES (1279976691206304, 1279976691204384, 'subscriber', '/static/img/user.png', 'efficiantur verterem id simul vero audire dis intellegat habeo mus graece proin quod his numquam sem molestie patrioque pertinax sodales quam instructior legere.', 1279976691213760, 1556909988738, 1556909988738, 0);
INSERT INTO replies (topic_id, user_id, user_name, user_imageUrl, content, id, created_at, updated_at, version) VALUES (1279976691206304, 1279976691204384, 'subscriber', '/static/img/user.png', 'mediocritatem sollicitudin ponderum postulant ipsum habeo mollis tation tacimates libris adipiscing dissentiunt mutat ludus tation suavitate.', 1279976691213792, 1556906388738, 1556906388738, 0);
INSERT INTO replies (topic_id, user_id, user_name, user_imageUrl, content, id, created_at, updated_at, version) VALUES (1279976691206304, 1279976691204384, 'subscriber', '/static/img/user.png', 'auctor lectus posse consequat volumus condimentum conubia cetero prompta lorem prompta habitant hinc graeco quam nonumes sagittis periculis aliquam.', 1279976691213824, 1556902788738, 1556902788738, 0);
INSERT INTO replies (topic_id, user_id, user_name, user_imageUrl, content, id, created_at, updated_at, version) VALUES (1279976691206304, 1279976691204384, 'subscriber', '/static/img/user.png', 'porro nisi accusata lacus decore agam mel gloriatur vivendo sententiae impetus utamur commodo dicit ignota euismod electram ante delicata solum litora nec netus augue reprimique interdum etiam putent pro fabulas curabitur contentiones aptent dolorum eripuit persecuti.', 1279976691213856, 1556899188738, 1556899188738, 0);
INSERT INTO topics (board_id, user_id, user_name, user_imageUrl, ref_type, ref_id, reply_number, locked, name, content, id, created_at, updated_at, version) VALUES (1279976691205696, 1279976691204384, 'subscriber', '/static/img/user.png', 'NONE', 0, 19, false, 'senserit postea curae.20', 'magnis ipsum tempor fastidii porro tractatos porro fames sale voluptatibus vis decore nisl solet orci fabulas ultrices mentitum ubique malorum egestas voluptatum nec evertitur alia ocurreret lacinia lacus eripuit nam feugiat sumo iisque possit ex eros iuvaret penatibus velit phasellus solet.', 1279976691206336, 1556956848738, 1556956848738, 0);
INSERT INTO replies (topic_id, user_id, user_name, user_imageUrl, content, id, created_at, updated_at, version) VALUES (1279976691206336, 1279976691204384, 'subscriber', '/static/img/user.png', 'oratio ridiculus mediocritatem est dapibus litora natum novum assueverit nihil libero postea nonumes nullam nulla purus quaerendum populo putent invidunt maiorum vehicula urbanitas esse posuere sonet adolescens expetenda parturient primis quaerendum reprehendunt eu.', 1279976691213888, 1556956788738, 1556956788738, 0);
INSERT INTO replies (topic_id, user_id, user_name, user_imageUrl, content, id, created_at, updated_at, version) VALUES (1279976691206336, 1279976691204384, 'subscriber', '/static/img/user.png', 'dicat viverra cras periculis libris delicata decore cum cum laudem duis intellegat alterum lacinia aliquip aperiri sed metus maiorum invidunt maluisset tempor.', 1279976691213920, 1556953188738, 1556953188738, 0);
INSERT INTO replies (topic_id, user_id, user_name, user_imageUrl, content, id, created_at, updated_at, version) VALUES (1279976691206336, 1279976691204384, 'subscriber', '/static/img/user.png', 'detraxit evertitur adipiscing ius ridens.', 1279976691213952, 1556949588738, 1556949588738, 0);
INSERT INTO replies (topic_id, user_id, user_name, user_imageUrl, content, id, created_at, updated_at, version) VALUES (1279976691206336, 1279976691204384, 'subscriber', '/static/img/user.png', 'nullam legere veri in doctus eos graeci pharetra ornatus praesent morbi convenire detraxit nihil ludus mea ei cetero ullamcorper theophrastus ipsum dapibus tale decore feugiat reformidans pellentesque.', 1279976691213984, 1556945988738, 1556945988738, 0);
INSERT INTO replies (topic_id, user_id, user_name, user_imageUrl, content, id, created_at, updated_at, version) VALUES (1279976691206336, 1279976691204384, 'subscriber', '/static/img/user.png', 'habitasse vis maluisset odio instructior quem mi nunc leo fabulas quas diam accusata quaerendum ceteros curabitur adhuc nostrum accusata mucius scripserit.', 1279976691214016, 1556942388738, 1556942388738, 0);
INSERT INTO replies (topic_id, user_id, user_name, user_imageUrl, content, id, created_at, updated_at, version) VALUES (1279976691206336, 1279976691204384, 'subscriber', '/static/img/user.png', 'idque velit alterum alienum lorem option wisi ut expetenda feugiat ocurreret interdum vestibulum consectetuer doming dicant no ornare pellentesque veri postea constituto.', 1279976691214048, 1556938788738, 1556938788738, 0);
INSERT INTO replies (topic_id, user_id, user_name, user_imageUrl, content, id, created_at, updated_at, version) VALUES (1279976691206336, 1279976691204384, 'subscriber', '/static/img/user.png', 'sapien platea quod turpis eros tempor ultrices nisi mnesarchum congue risus vituperatoribus no aenean vulputate maximus dissentiunt recteque iaculis dictas ligula ius iaculis.', 1279976691214080, 1556935188738, 1556935188738, 0);
INSERT INTO replies (topic_id, user_id, user_name, user_imageUrl, content, id, created_at, updated_at, version) VALUES (1279976691206336, 1279976691204384, 'subscriber', '/static/img/user.png', 'appareat molestiae homero.', 1279976691214112, 1556931588738, 1556931588738, 0);
INSERT INTO replies (topic_id, user_id, user_name, user_imageUrl, content, id, created_at, updated_at, version) VALUES (1279976691206336, 1279976691204384, 'subscriber', '/static/img/user.png', 'mandamus sapientem tristique taciti qualisque ceteros vocent quaestio dolor audire massa menandri fastidii numquam invidunt wisi nihil litora fabulas volumus commune aperiri docendi maluisset indoctum libero postea fames class aliquid sem tractatos assueverit petentium mi penatibus netus homero viris pro mazim dicta noster dolore tritani doctus nullam reque.', 1279976691214144, 1556927988738, 1556927988738, 0);
INSERT INTO replies (topic_id, user_id, user_name, user_imageUrl, content, id, created_at, updated_at, version) VALUES (1279976691206336, 1279976691204384, 'subscriber', '/static/img/user.png', 'vis possit fabellas lorem postea doming vivamus pertinacia vocibus verear nisl sanctus equidem deterruisset repudiandae possim latine equidem oporteat quas oratio atomorum ante tantas graecis egestas consequat nisi vehicula per similique nec torquent maximus sit ius antiopam.', 1279976691214176, 1556924388738, 1556924388738, 0);
INSERT INTO replies (topic_id, user_id, user_name, user_imageUrl, content, id, created_at, updated_at, version) VALUES (1279976691206336, 1279976691204384, 'subscriber', '/static/img/user.png', 'evertitur mentitum semper postulant ignota consectetuer populo hendrerit cubilia alia ponderum laudem gravida mauris sollicitudin.', 1279976691214208, 1556920788738, 1556920788738, 0);
INSERT INTO replies (topic_id, user_id, user_name, user_imageUrl, content, id, created_at, updated_at, version) VALUES (1279976691206336, 1279976691204384, 'subscriber', '/static/img/user.png', 'sed usu feugiat torquent diam cum sententiae.', 1279976691214240, 1556917188738, 1556917188738, 0);
INSERT INTO replies (topic_id, user_id, user_name, user_imageUrl, content, id, created_at, updated_at, version) VALUES (1279976691206336, 1279976691204384, 'subscriber', '/static/img/user.png', 'prodesset qui inani suscipiantur dignissim fuisset simul noluisse aenean consequat magnis no mentitum elementum sea sea platea vulputate equidem per nominavi persecuti dicta vero delicata sapien suscipit intellegebat.', 1279976691214272, 1556913588738, 1556913588738, 0);
INSERT INTO replies (topic_id, user_id, user_name, user_imageUrl, content, id, created_at, updated_at, version) VALUES (1279976691206336, 1279976691204384, 'subscriber', '/static/img/user.png', 'eum laudem eripuit movet euismod alia fusce lectus definitiones accommodare recteque dui neque consectetur quem interdum tractatos ius efficitur feugiat ullamcorper simul volutpat appareat lorem inciderint conceptam pharetra atqui elementum duo adipisci.', 1279976691214304, 1556909988738, 1556909988738, 0);
INSERT INTO replies (topic_id, user_id, user_name, user_imageUrl, content, id, created_at, updated_at, version) VALUES (1279976691206336, 1279976691204384, 'subscriber', '/static/img/user.png', 'pertinacia intellegat pertinax gubergren nisl ancillae ludus accommodare sagittis explicari percipit nulla persius posidonium sociis mei vivamus voluptatum numquam quaerendum dolore sanctus inani tibique neque vel.', 1279976691214336, 1556906388738, 1556906388738, 0);
INSERT INTO replies (topic_id, user_id, user_name, user_imageUrl, content, id, created_at, updated_at, version) VALUES (1279976691206336, 1279976691204384, 'subscriber', '/static/img/user.png', 'purus eripuit possim.', 1279976691214368, 1556902788738, 1556902788738, 0);
INSERT INTO replies (topic_id, user_id, user_name, user_imageUrl, content, id, created_at, updated_at, version) VALUES (1279976691206336, 1279976691204384, 'subscriber', '/static/img/user.png', 'vehicula nonumes vis oratio conclusionemque iisque quem mucius vocent bibendum efficitur utroque decore ligula fusce sem an ceteros libero dicam omittantur eu legere maximus velit vulputate sit vis.', 1279976691214400, 1556899188738, 1556899188738, 0);
INSERT INTO replies (topic_id, user_id, user_name, user_imageUrl, content, id, created_at, updated_at, version) VALUES (1279976691206336, 1279976691204384, 'subscriber', '/static/img/user.png', 'efficitur suscipiantur persius pro verear iaculis interpretaris suavitate pertinacia laoreet elaboraret ei tritani viderer congue graecis varius fugit suas potenti oratio singulis posidonium possim agam meliore veniam legere inimicus repudiandae et atomorum graeco.', 1279976691214432, 1556895588738, 1556895588738, 0);
INSERT INTO replies (topic_id, user_id, user_name, user_imageUrl, content, id, created_at, updated_at, version) VALUES (1279976691206336, 1279976691204384, 'subscriber', '/static/img/user.png', 'reprimique magnis leo adversarium vehicula mnesarchum deserunt conclusionemque mucius explicari finibus intellegebat justo signiferumque luctus neglegentur fermentum docendi.', 1279976691214464, 1556891988738, 1556891988738, 0);



CREATE TABLE boards (
  id BIGINT NOT NULL,
  locked BOOL NOT NULL,
  createdAt BIGINT NOT NULL,
  displayOrder BIGINT NOT NULL,
  topicNumber BIGINT NOT NULL,
  updatedAt BIGINT NOT NULL,
  version BIGINT NOT NULL,
  tag VARCHAR(32) NOT NULL,
  name VARCHAR(100) NOT NULL,
  description VARCHAR(1000) NOT NULL,
  CONSTRAINT UNI_TAG UNIQUE (tag),
  PRIMARY KEY(id)
) Engine=INNODB DEFAULT CHARSET=UTF8MB4;
